"Name","DTXSID","CASRN","SMILES","AVERAGE_MASS","HIT_CALL","Actual","Predicted","Probability"
"Aspartame","DTXSID0020107","22839-47-0","COC(=O)[C@H](CC1=CC=CC=C1)NC(=O)[C@@H](N)CC(O)=O",294.307,"Inactive",0,0,0.328945398330688
"2,4-Dinitrotoluene","DTXSID0020529","121-14-2","CC1=C(C=C(C=C1)[N+]([O-])=O)[N+]([O-])=O",182.135,"Inactive",0,0,0.303532749414444
"N-Nitrosohexamethyleneimine","DTXSID0021040","932-83-2","O=NN1CCCCCC1",128.175,"Inactive",0,0,0.303532749414444
"Tetramethylthiuram monosulfide","DTXSID0021333","97-74-5","CN(C)C(=S)SC(=S)N(C)C",208.36,"Inactive",0,0,0.303532749414444
"Heptanal","DTXSID0021597","111-71-7","CCCCCCC=O",114.188,"Inactive",0,0,0.303532749414444
"Methyl glyoxal","DTXSID0021628","78-98-8","CC(=O)C=O",72.063,"Inactive",0,0,0.303532749414444
"Digitoxin","DTXSID0022933","71-63-6","[H][C@@]1(C[C@H](O)[C@H](O[C@@]2([H])C[C@H](O)[C@H](O[C@@]3([H])C[C@H](O)[C@H](O)[C@@H](C)O3)[C@@H](C)O2)[C@@H](C)O1)O[C@H]1CC[C@@]2(C)[C@]([H])(CC[C@]3([H])[C@]2([H])CC[C@]2(C)[C@H](CC[C@]32O)C2=CC(=O)OC2)C1",764.95,"Inactive",0,0,0.396693974733353
"D-Xylose","DTXSID0023745","58-86-6","OC[C@@H](O)[C@H](O)[C@@H](O)C=O",150.13,"Inactive",0,0,0.303532749414444
"2',3'-Dideoxycytidine","DTXSID0023747","7481-89-2","NC1=NC(=O)N(C=C1)[C@H]1CC[C@@H](CO)O1",211.221,"Inactive",0,0,0.324442058801651
"Bentazone","DTXSID0023901","25057-89-0","CC(C)N1C(=O)C2=C(NS1(=O)=O)C=CC=C2",240.28,"Inactive",0,0,0.324442058801651
"Fenpropathrin","DTXSID0024002","39515-41-8","CC1(C)C(C(=O)OC(C#N)C2=CC=CC(OC3=CC=CC=C3)=C2)C1(C)C",349.43,"Inactive",0,0,0.328945398330688
"Glycolic acid","DTXSID0025363","79-14-1","OCC(O)=O",76.051,"Inactive",0,0,0.303532749414444
"3-Nitrobenzoic acid","DTXSID0025737","121-92-6","OC(=O)C1=CC=CC(=C1)[N+]([O-])=O",167.12,"Inactive",0,0,0.303532749414444
"Medroxyprogesterone acetate","DTXSID0025527","71-58-9","[H][C@@]12CC[C@](OC(C)=O)(C(C)=O)[C@@]1(C)CC[C@@]1([H])[C@@]2([H])C[C@H](C)C2=CC(=O)CC[C@]12C",386.532,"Active",1,0,0.379632592201233
"beta-Nitrostyrene","DTXSID0025789","102-96-5","[O-][N+](=O)C=CC1=CC=CC=C1",149.149,"Active",1,0,0.382267653942108
"Isopropyl tetradecanoate","DTXSID0026838","110-27-0","CCCCCCCCCCCCCC(=O)OC(C)C",270.457,"Inactive",0,0,0.328945398330688
"1-Pentadecanol","DTXSID0027270","629-76-5","CCCCCCCCCCCCCCCO",228.42,"Inactive",0,0,0.324442058801651
"4-(2-Phenylpropan-2-yl)-N-[4-(2-phenylpropan-2-yl)phenyl]aniline","DTXSID0027721","10081-67-1","CC(C)(C1=CC=CC=C1)C1=CC=C(NC2=CC=C(C=C2)C(C)(C)C2=CC=CC=C2)C=C1",405.585,"Inactive",0,0,0.355306953191757
"Prallethrin","DTXSID0032572","23031-36-9","CC(C)=CC1C(C(=O)OC2CC(=O)C(CC#C)=C2C)C1(C)C",300.398,"Active",1,0,0.358515024185181
"2-Amino-5-nitrobenzonitrile","DTXSID0038839","17420-30-3","NC1=C(C=C(C=C1)[N+]([O-])=O)C#N",163.136,"Inactive",0,0,0.303532749414444
"2,6-Diaminopyridine","DTXSID0040127","141-86-6","NC1=CC=CC(N)=N1",109.132,"Inactive",0,0,0.303532749414444
"4-tert-Butylbenzoic acid","DTXSID0040703","98-73-7","CC(C)(C)C1=CC=C(C=C1)C(O)=O",178.231,"Inactive",0,0,0.458739757537842
"N-(9-Fluorenylmethoxycarbonyl)-L-leucine","DTXSID0040751","35661-60-0","CC(C)C[C@H](NC(=O)OCC1C2=CC=CC=C2C2=C1C=CC=C2)C(O)=O",353.418,"Inactive",0,0,0.476797968149185
"cis-1,2,3,6-Tetrahydrophthalimide","DTXSID0041220","1469-48-3","O=C1NC(=O)[C@@H]2CC=CC[C@H]12",151.165,"Inactive",0,0,0.303532749414444
"3,5,5-Trimethylhexyl acetate","DTXSID0041270","58430-94-7","CC(CCOC(C)=O)CC(C)(C)C",186.295,"Inactive",0,0,0.303532749414444
"4-Propylanisole","DTXSID0042325","104-45-0","CCCC1=CC=C(OC)C=C1",150.221,"Inactive",0,0,0.303532749414444
"Hexanedihydrazide","DTXSID0044361","1071-93-8","NNC(=O)CCCCC(=O)NN",174.204,"Inactive",0,0,0.303532749414444
"Methyl 3-sulfamoylthiophene-2-carboxylate","DTXSID0044490","59337-93-8","COC(=O)C1=C(C=CS1)S(N)(=O)=O",221.25,"Inactive",0,0,0.324442058801651
"N,N-Dimethylpyridin-4-amine","DTXSID0044369","1122-58-3","CN(C)C1=CC=NC=C1",122.171,"Inactive",0,0,0.303532749414444
"4-(3-Methyl-5-oxo-4,5-dihydro-1H-pyrazol-1-yl)benzenesulfonic acid","DTXSID0044999","89-36-1","CC1=NN(C(=O)C1)C1=CC=C(C=C1)S(O)(=O)=O",254.26,"Inactive",0,0,0.324442058801651
"21-Hydroxyprogesterone","DTXSID0045254","64-85-7","[H][C@@]12CC[C@H](C(=O)CO)[C@@]1(C)CC[C@@]1([H])[C@@]2([H])CCC2=CC(=O)CC[C@]12C",330.468,"Active",1,0,0.358515024185181
"(-)-alpha-Cedrene","DTXSID0047032","469-61-4","[H][C@@]12CC[C@@H](C)[C@]11C[C@@H](C(C)=CC1)C2(C)C",204.357,"Inactive",0,0,0.303532749414444
"2-Acetylpyrrole","DTXSID0047084","1072-83-9","CC(=O)C1=CC=CN1",109.128,"Inactive",0,0,0.303532749414444
"5-Methyl-2-thiophenecarboxaldehyde","DTXSID0047169","13679-70-4","CC1=CC=C(S1)C=O",126.17,"Inactive",0,0,0.303532749414444
"Eugenyl phenylacetate","DTXSID0047406","10402-33-2","COC1=CC(CC=C)=CC=C1OC(=O)CC1=CC=CC=C1",282.339,"Inactive",0,0,0.389028996229172
"Hexane-1,6-diyl dibenzoate","DTXSID0047539","22915-73-7","O=C(OCCCCCCOC(=O)C1=CC=CC=C1)C1=CC=CC=C1",326.392,"Inactive",0,0,0.328945398330688
"Butyryl-n-trihexylcitrate","DTXSID0047535","82469-79-2","CCCCCCOC(=O)CC(CC(=O)OCCCCCC)(OC(=O)CCC)C(=O)OCCCCCC",514.7,"Inactive",0,0,0.328945398330688
"4-Vinylpyridine","DTXSID0051499","100-43-6","C=CC1=CC=NC=C1",105.14,"Inactive",0,0,0.303532749414444
"2-Mercaptobenzothiazole","DTXSID1020807","149-30-4","SC1=NC2=C(S1)C=CC=C2",167.24,"Inactive",0,1,0.530216157436371
"Nitrosoheptamethyleneimine","DTXSID1021039","20917-49-1","O=NN1CCCCCCC1",142.202,"Inactive",0,0,0.303532749414444
"(-)-Nicotine","DTXSID1020930","54-11-5","CN1CCC[C@H]1C1=CN=CC=C1",162.236,"Inactive",0,0,0.303532749414444
"6,10-Dimethyl-5,9-undecadiene-2-one","DTXSID1021586","689-67-8","CC(C)=CCCC(C)=CCCC(C)=O",194.318,"Inactive",0,0,0.303532749414444
"trans-Hex-3-en-1-ol","DTXSID1022138","928-97-2","CC\C=C\CCO",100.161,"Inactive",0,0,0.336627244949341
"4,6-Dinitro-o-cresol","DTXSID1022053","534-52-1","CC1=C(O)C(=CC(=C1)[N+]([O-])=O)[N+]([O-])=O",198.134,"Inactive",0,0,0.303532749414444
"Melatonin","DTXSID1022421","73-31-4","COC1=CC2=C(NC=C2CCNC(C)=O)C=C1",232.283,"Inactive",0,0,0.324442058801651
"Methomyl","DTXSID1022267","16752-77-5","CNC(=O)ON=C(C)SC",162.21,"Inactive",0,0,0.303532749414444
"Ethyl sulfate (Et2SO4)","DTXSID1024045","64-67-5","CCOS(=O)(=O)OCC",154.18,"Inactive",0,0,0.303532749414444
"Methacrylonitrile","DTXSID1024176","126-98-7","CC(=C)C#N",67.091,"Inactive",0,0,0.356049418449402
"Phenmedipham","DTXSID1024255","13684-63-4","COC(=O)NC1=CC(OC(=O)NC2=CC=CC(C)=C2)=CC=C1",300.314,"Inactive",0,0,0.328945398330688
"Bixin","DTXSID1024629","6983-79-5","COC(=O)\C=C\C(\C)=C/C=C/C(/C)=C/C=C/C=C(\C)/C=C/C=C(\C)/C=C/C(O)=O",394.511,"Inactive",0,0,0.482993513345718
"N-Ethylaniline","DTXSID1025271","103-69-5","CCNC1=CC=CC=C1",121.183,"Inactive",0,0,0.303532749414444
"Tetralin","DTXSID1026118","119-64-2","C1CCC2=C(C1)C=CC=C2",132.206,"Inactive",0,0,0.303532749414444
"D&C Violet 2","DTXSID1026293","81-48-1","CC1=CC=C(NC2=C3C(=O)C4=C(C=CC=C4)C(=O)C3=C(O)C=C2)C=C1",329.355,"Inactive",0,0,0.355306953191757
"Phenolsulfonic acid","DTXSID1027390","1333-39-7","O*.OS(=O)(=O)C1=CC=CC=C1 |c:7,9,t:5,lp:0:2,2:2,4:2,5:2,m:1:9.10.11|",174.17,"Inactive",0,0,0.303532749414444
"Pentyl acetate","DTXSID1027263","628-63-7","CCCCCOC(C)=O",130.187,"Inactive",0,0,0.303532749414444
"2-(2H-Benzotriazol-2-yl)-4-methylphenol","DTXSID1027479","2440-22-4","CC1=CC(N2N=C3C=CC=CC3=N2)=C(O)C=C1",225.251,"Inactive",0,0,0.324442058801651
"Cyclododecanol","DTXSID1027429","1724-39-6","OC1CCCCCCCCCCC1",184.323,"Inactive",0,0,0.303532749414444
"p-Toluenesulphonyl isocyanate","DTXSID1027558","4083-64-1","CC1=CC=C(C=C1)S(=O)(=O)N=C=O",197.21,"Inactive",0,0,0.303532749414444
"Diisodecyl hexanedioate","DTXSID1027924","27178-16-1","C*.C*.CCCCCCCCCOC(=O)CCCCC(=O)OCCCCCCCCC |lp:13:2,15:2,21:2,22:2,m:1:23.24.25.26.27.28.29.30,3:12.11.10.9.8.7.6.5|",426.682,"Inactive",0,0,0.328945398330688
"2-Ethylhexyl nitrate","DTXSID1027928","27247-96-7","CCCCC(CC)CO[N+]([O-])=O",175.228,"Inactive",0,0,0.303532749414444
"(3,5-Dimethyl-1H-pyrazol-1-yl)methanol","DTXSID1032513","85264-33-1","CC1=NN(CO)C(C)=C1",126.159,"Inactive",0,0,0.303532749414444
"Aldicarb sulfoxide","DTXSID1033161","1646-87-3","CNC(=O)ON=CC(C)(C)S(C)=O",206.26,"Inactive",0,0,0.303532749414444
"Spiromesifen","DTXSID1034929","283594-90-1","CC1=CC(C)=C(C2=C(OC(=O)CC(C)(C)C)C3(CCCC3)OC2=O)C(C)=C1",370.489,"Active",1,0,0.342657417058945
"Metolachlor ESA","DTXSID1037567","171118-09-5","CCC1=CC=CC(C)=C1N(C(C)COC)C(=O)CS(O)(=O)=O",329.41,"Inactive",0,0,0.328945398330688
"3-Phenoxybenzoic acid","DTXSID1038321","3739-38-6","OC(=O)C1=CC(OC2=CC=CC=C2)=CC=C1",214.22,"Inactive",0,0,0.324442058801651
"1,4-Dioxane-2,3-diol","DTXSID1038824","4845-50-5","OC1OCCOC1O",120.104,"Inactive",0,0,0.303532749414444
"tert-Butylacrylamide","DTXSID1040114","107-58-4","CC(C)(C)NC(=O)C=C",127.187,"Inactive",0,0,0.338887989521027
"Ethyl propionate","DTXSID1040110","105-37-3","CCOC(=O)CC",102.133,"Inactive",0,0,0.303532749414444
"Terbumeton","DTXSID1042445","33693-04-8","CCNC1=NC(OC)=NC(NC(C)(C)C)=N1",225.296,"Inactive",0,0,0.324442058801651
"2,6,10-Trimethyl-2,6,10-triazaundecane","DTXSID1044564","3855-32-1","CN(C)CCCN(C)CCCN(C)C",201.358,"Inactive",0,0,0.303532749414444
"1,4-Dioxacyclohexadecane-5,16-dione","DTXSID1044568","54982-83-1","O=C1CCCCCCCCCCC(=O)OCCO1",256.342,"Inactive",0,0,0.324442058801651
"4-Ethyloct-1-yn-3-ol","DTXSID1044697","5877-42-9","CCCCC(CC)C(O)C#C",154.253,"Active",1,0,0.303532749414444
"Citronellyl formate","DTXSID1044772","105-85-1","CC(CCOC=O)CCC=C(C)C",184.279,"Inactive",0,0,0.303532749414444
"(2,4,6-Trioxo-1,3,5-triazinane-1,3,5-triyl)triethane-2,1-diyl trisprop-2-enoate","DTXSID1044936","40220-08-4","C=CC(=O)OCCN1C(=O)N(CCOC(=O)C=C)C(=O)N(CCOC(=O)C=C)C1=O",423.378,"Active",1,1,0.596214234828949
"2-(2-Butyl)-4,5-dimethyl-3-thiazoline","DTXSID1047156","65894-82-8","CCC(C)C1SC(C)C(C)=N1",171.3,"Inactive",0,0,0.328028291463852
"Geranyl butyrate","DTXSID1047152","106-29-6","CCCC(=O)OC\C=C(/C)CCC=C(C)C",224.344,"Inactive",0,0,0.338060945272446
"Benzyloctyl adipate","DTXSID1047528","58394-64-2","CCCCC(CC)COC(=O)CCCCC(=O)OCC1=CC=CC=C1",348.483,"Inactive",0,0,0.328945398330688
"Octyl decyl phthalate","DTXSID1047497","119-07-3","CCCCCCCCCCOC(=O)C1=C(C=CC=C1)C(=O)OCCCCCCCC",418.618,"Inactive",0,0,0.328945398330688
"1,1-Dimethylphenylethanol","DTXSID1047601","100-86-7","CC(C)(O)CC1=CC=CC=C1",150.221,"Inactive",0,0,0.303532749414444
"FR150011","DTXSID1048170","149413-74-1","CC(C)(C)C1=CSC(=N1)C1=CC2=C(O1)C=CC(OCC1=CC=CC=C1CC(O)=O)=C2",421.51,"Inactive",0,0,0.328945398330688
"Oxazolone","DTXSID1049225","15646-46-5","CCOC=C1N=C(OC1=O)C1=CC=CC=C1",217.224,"Inactive",0,0,0.372221350669861
"2-Methoxybenzaldehyde","DTXSID1051690","135-02-4","COC1=C(C=O)C=CC=C1",136.15,"Inactive",0,0,0.303532749414444
"4-Methyl-2-(2-methylprop-1-en-1-yl)tetrahydro-2H-pyran","DTXSID1051771","16409-43-1","CC1CCOC(C1)C=C(C)C",154.253,"Inactive",0,0,0.303532749414444
"Ethylcyclohexane","DTXSID1051779","1678-91-7","CCC1CCCCC1",112.216,"Inactive",0,0,0.303532749414444
"Butylated hydroxytoluene","DTXSID2020216","128-37-0","CC1=CC(=C(O)C(=C1)C(C)(C)C)C(C)(C)C",220.356,"Inactive",0,0,0.324442058801651
"N,N-Dimethylaniline","DTXSID2020507","121-69-7","CN(C)C1=CC=CC=C1",121.183,"Inactive",0,0,0.303532749414444
"N-Nitrosodibutylamine","DTXSID2021026","924-16-3","CCCCN(CCCC)N=O",158.245,"Inactive",0,0,0.303532749414444
"1,1?-(Nitrosoimino)bis[2-propanone]","DTXSID2021022","60599-38-4","CC(=O)CN(CC(C)=O)N=O",158.157,"Inactive",0,0,0.303532749414444
"2-Phenylphenol","DTXSID2021151","90-43-7","OC1=C(C=CC=C1)C1=CC=CC=C1",170.211,"Inactive",0,0,0.444171458482742
"Styrene oxide","DTXSID2021286","96-09-3","C1OC1C1=CC=CC=C1",120.151,"Inactive",0,0,0.303532749414444
"Allyl methacrylate","DTXSID2021816","96-05-9","CC(=C)C(=O)OCC=C",126.155,"Inactive",0,0,0.330349981784821
"2-Nonanone","DTXSID2022125","821-55-6","CCCCCCCC(C)=O",142.242,"Inactive",0,0,0.303532749414444
"Atenolol","DTXSID2022628","29122-68-7","CC(C)NCC(O)COC1=CC=C(CC(N)=O)C=C1",266.341,"Inactive",0,0,0.324442058801651
"Metformin","DTXSID2023270","657-24-9","CN(C)C(=N)NC(N)=N",129.167,"Inactive",0,0,0.303532749414444
"Rofecoxib","DTXSID2023567","162011-90-7","CS(=O)(=O)C1=CC=C(C=C1)C1=C(C(=O)OC1)C1=CC=CC=C1",314.36,"Inactive",0,0,0.449135512113571
"Rosiglitazone maleate","DTXSID2023569","155141-29-0","OC(=O)\C=C/C(O)=O.CN(CCOC1=CC=C(CC2SC(=O)NC2=O)C=C1)C1=CC=CC=N1",473.5,"Inactive",0,0,0.433135420084
"Isopropyl acetate","DTXSID2025478","108-21-4","CC(C)OC(C)=O",102.133,"Inactive",0,0,0.303532749414444
"alpha-Terpinyl acetate","DTXSID2026496","80-26-2","CC(=O)OC(C)(C)C1CCC(C)=CC1",196.29,"Inactive",0,0,0.303532749414444
"2-(Morpholin-4-yldithio)-1,3-benzothiazole","DTXSID2026573","95-32-9","C1CN(CCO1)SSC1=NC2=C(S1)C=CC=C2",284.41,"Inactive",0,0,0.328945398330688
"4-Methoxybenzaldehyde","DTXSID2026997","123-11-5","COC1=CC=C(C=O)C=C1",136.15,"Inactive",0,0,0.303532749414444
"Methyl octanoate","DTXSID2026864","111-11-5","CCCCCCCC(=O)OC",158.241,"Inactive",0,0,0.303532749414444
"3-Methyl-2-buten-1-ol","DTXSID2027206","556-82-1","CC(C)=CCO",86.134,"Inactive",0,0,0.303532749414444
"Limonene","DTXSID2029612","138-86-3","CC(=C)C1CCC(C)=CC1",136.238,"Inactive",0,0,0.303532749414444
"2-Methyl-3(2H)-isothiazolone","DTXSID2034259","2682-20-4","CN1SC=CC1=O",115.15,"Active",1,0,0.303532749414444
"1,4-Cyclohexanedicarboxylic acid","DTXSID2038788","1076-97-7","OC(=O)C1CCC(CC1)C(O)=O",172.18,"Inactive",0,0,0.303532749414444
"Diisopropyl phthalate","DTXSID2040731","605-45-8","CC(C)OC(=O)C1=CC=CC=C1C(=O)OC(C)C",250.294,"Inactive",0,0,0.324442058801651
"N,N?-Disalicylidene-1,2-diaminopropane","DTXSID2041200","94-91-7","CC(CN=CC1=CC=CC=C1O)N=CC1=CC=CC=C1O",282.343,"Inactive",0,0,0.391208618879318
"2-Ethyl-1-butanol","DTXSID2041416","97-95-0","CCC(CC)CO",102.177,"Inactive",0,0,0.303532749414444
"Isoborneol","DTXSID2042060","124-76-5","CC1(C)[C@@H]2CC[C@@]1(C)[C@H](O)C2",154.253,"Inactive",0,0,0.303532749414444
"Isobornyl propanoate","DTXSID2042062","2756-56-1","CCC(=O)O[C@H]1C[C@@H]2CC[C@@]1(C)C2(C)C",210.317,"Inactive",0,0,0.324442058801651
"Methyl 1-naphthaleneacetate","DTXSID2042143","2876-78-0","COC(=O)CC1=C2C=CC=CC2=CC=C1",200.237,"Inactive",0,0,0.303532749414444
"2,3-Dihydroxynaphthalene","DTXSID2043903","92-44-4","OC1=CC2=C(C=CC=C2)C=C1O",160.172,"Inactive",0,0,0.303532749414444
"4'-Methoxyacetophenone","DTXSID2044347","100-06-1","COC1=CC=C(C=C1)C(C)=O",150.177,"Inactive",0,0,0.303532749414444
"N-(Isobutoxymethyl)acrylamide","DTXSID2044848","16669-59-3","CC(C)COCNC(=O)C=C",157.213,"Inactive",0,0,0.330349981784821
"Cyclopentadecanone","DTXSID2047141","502-72-7","O=C1CCCCCCCCCCCCCC1",224.388,"Inactive",0,0,0.324442058801651
"3,3-Dimethylacrylic acid","DTXSID2047145","541-47-9","CC(C)=CC(O)=O",100.117,"Inactive",0,0,0.330349981784821
"Rhodinol","DTXSID2047193","141-25-3","CC(CCO)CCCC(C)=C",156.269,"Inactive",0,0,0.303532749414444
"p-Mentha-8-thiol-3-one","DTXSID2047195","38462-22-5","CC1CCC(C(=O)C1)C(C)(C)S",186.31,"Inactive",0,1,0.530216157436371
"Linalyl formate","DTXSID2047642","115-99-1","CC(C)=CCCC(C)(OC=O)C=C",182.263,"Inactive",0,0,0.303532749414444
"2-Phenylethyl 2-methylbutanoate","DTXSID2047567","24817-51-4","CCC(C)C(=O)OCCC1=CC=CC=C1",206.285,"Inactive",0,0,0.303532749414444
"1-Ethyl-2-methylbenzene","DTXSID2050403","611-14-3","CCC1=CC=CC=C1C",120.195,"Inactive",0,0,0.303532749414444
"1,7-Dimethylxanthine","DTXSID2052281","611-59-6","CN1C=NC2=C1C(=O)N(C)C(=O)N2",180.167,"Inactive",0,0,0.303532749414444
"2-Hydrazino-4-(4-nitrophenyl)thiazole","DTXSID3020706","26049-70-7","NNC1=NC(=CS1)C1=CC=C(C=C1)[N+]([O-])=O",236.25,"Inactive",0,0,0.324442058801651
"2-Hydrazino-4-(4-aminophenyl) thiazole","DTXSID3020704","26049-71-8","NNC1=NC(=CS1)C1=CC=C(N)C=C1",206.27,"Inactive",0,0,0.303532749414444
"Octanoic acid","DTXSID3021645","124-07-2","CCCCCCCC(O)=O",144.214,"Inactive",0,0,0.303532749414444
"2-Methyl-4-phenylbutan-2-ol","DTXSID3021851","103-05-9","CC(C)(O)CCC1=CC=CC=C1",164.248,"Inactive",0,0,0.303532749414444
"Triphenylethylene","DTXSID3022320","58-72-0","C(=C(C1=CC=CC=C1)C1=CC=CC=C1)C1=CC=CC=C1",256.348,"Inactive",0,0,0.405681133270264
"2-Hydroxy-4-methoxybenzophenone","DTXSID3022405","131-57-7","COC1=CC=C(C(=O)C2=CC=CC=C2)C(O)=C1",228.247,"Inactive",0,0,0.361163586378098
"Dimethyl phthalate","DTXSID3022455","131-11-3","COC(=O)C1=C(C=CC=C1)C(=O)OC",194.186,"Inactive",0,0,0.303532749414444
"Cumene hydroperoxide","DTXSID3024869","80-15-9","CC(C)(OO)C1=CC=CC=C1",152.193,"Inactive",0,0,0.303532749414444
"Triethylene glycol diacetate","DTXSID3026223","111-21-7","CC(=O)OCCOCCOCCOC(C)=O",234.248,"Inactive",0,0,0.324442058801651
"Phthalimide","DTXSID3026514","85-41-6","O=C1NC(=O)C2=C1C=CC=C2",147.133,"Inactive",0,0,0.303532749414444
"Dimethyl cyclohexane-1,4-dicarboxylate","DTXSID3026566","94-60-0","COC(=O)C1CCC(CC1)C(=O)OC",200.234,"Inactive",0,0,0.303532749414444
"N,N-Dicyclohexyl-2-benzothiazolesulfenamide","DTXSID3027584","4979-32-2","C1CCC(CC1)N(SC1=NC2=C(S1)C=CC=C2)C1CCCCC1",346.55,"Inactive",0,0,0.328945398330688
"Kinoprene","DTXSID3032624","42588-37-4","CC(C)CCCC(C)C\C=C\C(\C)=C\C(=O)OCC#C",276.42,"Inactive",0,0,0.449830383062363
"Cinmethylin","DTXSID3034456","87818-31-3","CC(C)[C@]12CC[C@](C)(O1)[C@@H](C2)OCC1=C(C)C=CC=C1",274.404,"Inactive",0,0,0.328945398330688
"Ethyl benzoate","DTXSID3038696","93-89-0","CCOC(=O)C1=CC=CC=C1",150.177,"Inactive",0,0,0.318573206663132
"Butyl 4-oxopentanoate","DTXSID3038800","2052-15-5","CCCCOC(=O)CCC(C)=O",172.224,"Inactive",0,0,0.303532749414444
"4-Cyclohexylcyclohexanol","DTXSID3040722","2433-14-9","OC1CCC(CC1)C1CCCCC1",182.307,"Inactive",0,0,0.303532749414444
"2-((Dimethylamino)methyl)phenol","DTXSID3041293","120-65-0","CN(C)CC1=CC=CC=C1O",151.209,"Inactive",0,0,0.303532749414444
"Iminodiacetonitrile","DTXSID3041580","628-87-5","N#CCNCC#N",95.105,"Inactive",0,0,0.303532749414444
"Citronellal","DTXSID3041790","106-23-0","CC(CCC=C(C)C)CC=O",154.253,"Inactive",0,0,0.303532749414444
"N,N'-1,3-Phenylenedimaleimide","DTXSID3044415","3006-93-7","O=C1C=CC(=O)N1C1=CC(=CC=C1)N1C(=O)C=CC1=O",268.228,"Inactive",0,0,0.405092865228653
"(2S,5R)-2-Isopropyl-5-methylcyclohexan-1-one","DTXSID3044384","14073-97-3","CC(C)[C@@H]1CC[C@@H](C)CC1=O",154.253,"Inactive",0,0,0.303532749414444
"4,4'-Diazene-1,2-diylbis(4-cyanopentanoic acid)","DTXSID3044629","2638-94-0","CC(CCC(O)=O)(N=NC(C)(CCC(O)=O)C#N)C#N",280.284,"Inactive",0,0,0.328945398330688
"1-Butoxy-1-oxopropan-2-yl butanoate","DTXSID3044831","7492-70-8","CCCCOC(=O)C(C)OC(=O)CCC",216.277,"Inactive",0,0,0.324442058801651
"Terpinyl propionate","DTXSID3044833","80-27-3","CCC(=O)OC(C)(C)C1CCC(C)=CC1",210.317,"Inactive",0,0,0.338060945272446
"Diprop-2-en-1-yl (2Z)-but-2-enedioate","DTXSID3044752","999-21-3","C=CCOC(=O)\C=C/C(=O)OCC=C",196.202,"Active",1,0,0.330349981784821
"1,3-Propanediol, bis(4-aminobenzoate)","DTXSID3044960","57609-64-0","NC1=CC=C(C=C1)C(=O)OCCCOC(=O)C1=CC=C(N)C=C1",314.341,"Inactive",0,0,0.328945398330688
"Phenylacetaldehyde dimethyl acetal","DTXSID3047001","101-48-4","COC(CC1=CC=CC=C1)OC",166.22,"Inactive",0,0,0.303532749414444
"CP-642931","DTXSID3047267","NOCAS_47267","C[C@@H](O)C1=NC(=CC=N1)N1[C@@H](C)CN(C[C@H]1C)C1=NC(C)=NC(C)=N1",343.435,"Inactive",0,0,0.328945398330688
"Ethyl oleate","DTXSID3047633","111-62-6","CCCCCCCC\C=C/CCCCCCCC(=O)OCC",310.522,"Inactive",0,0,0.358515024185181
"Di-p-methylbenzylidenesorbitol","DTXSID3051381","81541-12-0","[H][C@]12COC(O[C@@]1([H])[C@]([H])(OC(O2)C1=CC=C(C)C=C1)[C@H](O)CO)C1=CC=C(C)C=C1",386.444,"Inactive",0,0,0.386401206254959
"Tetrahydrocurcumin","DTXSID30865801","36062-04-1","COC1=CC(CCC(=O)CC(=O)CCC2=CC(OC)=C(O)C=C2)=CC=C1O",372.417,"Active",1,0,0.328945398330688
"Dehydroepiandrosterone","DTXSID4020379","53-43-0","[H][C@@]12CCC(=O)[C@@]1(C)CC[C@@]1([H])[C@@]2([H])CC=C2C[C@@H](O)CC[C@]12C",288.431,"Inactive",0,0,0.379632592201233
"Ethylphenylacetylurea","DTXSID4020612","90-49-3","CCC(C(=O)NC(N)=O)C1=CC=CC=C1",206.245,"Inactive",0,0,0.303532749414444
"2,2'-Methylenebis(4-methyl-6-tert-butylphenol)","DTXSID4020870","119-47-1","CC1=CC(CC2=CC(C)=CC(=C2O)C(C)(C)C)=C(O)C(=C1)C(C)(C)C",340.507,"Inactive",0,0,0.355306953191757
"N-Nitrosomorpholine","DTXSID4021056","59-89-2","O=NN1CCOCC1",116.12,"Inactive",0,0,0.303532749414444
"Triethylene glycol","DTXSID4021393","112-27-6","OCCOCCOCCO",150.174,"Inactive",0,0,0.303532749414444
"2,6-Di-tert-butyl-4-nitrophenol","DTXSID4021559","728-40-5","CC(C)(C)C1=CC(=CC(=C1O)C(C)(C)C)[N+]([O-])=O",251.326,"Inactive",0,0,0.324442058801651
"Cyclohexanone oxime","DTXSID4021842","100-64-1","ON=C1CCCCC1",113.16,"Inactive",0,0,0.328028291463852
"4-Methylpyridine","DTXSID4021892","108-89-4","CC1=CC=NC=C1",93.129,"Inactive",0,0,0.303532749414444
"Heptyl p-hydroxybenzoate","DTXSID4022523","1085-12-7","CCCCCCCOC(=O)C1=CC=C(O)C=C1",236.311,"Inactive",0,0,0.324442058801651
"Estrone","DTXSID4022367","53-16-7","[H][C@@]12CCC(=O)[C@@]1(C)CC[C@]1([H])C3=C(CC[C@@]21[H])C=C(O)C=C3",270.372,"Inactive",0,1,0.510814249515533
"Estradiol cypionate","DTXSID4022999","313-06-4","C[C@]12CC[C@H]3[C@@H](CCC4=CC(O)=CC=C34)[C@@H]1CC[C@@H]2OC(=O)CCC1CCCC1",396.571,"Inactive",0,1,0.510814249515533
"Erythromycin","DTXSID4022991","114-07-8","CC[C@H]1OC(=O)[C@H](C)[C@@H](O[C@H]2C[C@@](C)(OC)[C@@H](O)[C@H](C)O2)[C@H](C)[C@@H](O[C@@H]2O[C@H](C)C[C@@H]([C@H]2O)N(C)C)[C@](C)(O)C[C@@H](C)C(=O)[C@H](C)[C@@H](O)[C@]1(C)O",733.937,"Inactive",0,0,0.328945398330688
"D-Camphor","DTXSID4024721","464-49-3","CC1(C)[C@@H]2CC[C@@]1(C)C(=O)C2",152.237,"Inactive",0,0,0.303532749414444
"Carbendazim","DTXSID4024729","10605-21-7","COC(=O)NC1=NC2=CC=CC=C2N1",191.19,"Inactive",0,0,0.303532749414444
"Phenoxathiin","DTXSID4024937","262-20-4","O1C2=CC=CC=C2SC2=CC=CC=C12",200.26,"Inactive",0,0,0.303532749414444
"n-Hexyl methacrylate","DTXSID4025406","142-09-6","CCCCCCOC(=O)C(C)=C",170.252,"Inactive",0,0,0.339106172323227
"Tributylamine","DTXSID4026183","102-82-9","CCCCN(CCCC)CCCC",185.355,"Inactive",0,0,0.303532749414444
"2-Nitrotoluene","DTXSID4025791","88-72-2","CC1=CC=CC=C1[N+]([O-])=O",137.138,"Inactive",0,0,0.303532749414444
"2-[2-(Hexyloxy)ethoxy]ethanol","DTXSID4026921","112-59-4","CCCCCCOCCOCCO",190.283,"Inactive",0,0,0.303532749414444
"2-Methyl-5-nitrobenzenesulfonic acid","DTXSID4026975","121-03-9","CC1=CC=C(C=C1S(O)(=O)=O)[N+]([O-])=O",217.2,"Inactive",0,0,0.324442058801651
"Dodecyl 2-methylacrylate","DTXSID4027103","142-90-5","CCCCCCCCCCCCOC(=O)C(C)=C",254.414,"Inactive",0,0,0.351193785667419
"2,3-Diaminotoluene","DTXSID4027494","2687-25-4","CC1=C(N)C(N)=CC=C1",122.171,"Inactive",0,0,0.303532749414444
"3-Hydroxy-2,2-dimethylpropyl 3-hydroxy-2,2-dimethylpropanoate","DTXSID4027361","1115-20-4","CC(C)(CO)COC(=O)C(C)(C)CO",204.266,"Inactive",0,0,0.303532749414444
"1-Octyl-2-pyrrolidone","DTXSID4036435","2687-94-7","CCCCCCCCN1CCCC1=O",197.322,"Active",1,0,0.303532749414444
"Allyl isovalerate","DTXSID4039233","2835-39-4","CC(C)CC(=O)OCC=C",142.198,"Inactive",0,0,0.303532749414444
"Dibenzyl oxalate","DTXSID4038926","7579-36-4","O=C(OCC1=CC=CC=C1)C(=O)OCC1=CC=CC=C1",270.284,"Inactive",0,0,0.324442058801651
"1,3,5-Triisopropylbenzene","DTXSID4041232","717-74-8","CC(C)C1=CC(=CC(=C1)C(C)C)C(C)C",204.357,"Inactive",0,0,0.303532749414444
"2-Methylbutyl isovalerate","DTXSID4041440","2445-77-4","CCC(C)COC(=O)CC(C)C",172.268,"Inactive",0,0,0.303532749414444
"4-Morpholinepropanamine","DTXSID4041521","123-00-2","NCCCN1CCOCC1",144.218,"Inactive",0,0,0.303532749414444
"Butyl (2S)-2-hydroxypropanoate","DTXSID4042335","34451-19-9","CCCCOC(=O)[C@H](C)O",146.186,"Inactive",0,0,0.303532749414444
"Propyl propionate","DTXSID4042337","106-36-5","CCCOC(=O)CC",116.16,"Inactive",0,0,0.303532749414444
"Dimethyl sulfone","DTXSID4043937","67-71-0","CS(C)(=O)=O",94.13,"Inactive",0,0,0.303532749414444
"Benzyl propanoate","DTXSID4044791","122-63-4","CCC(=O)OCC1=CC=CC=C1",164.204,"Inactive",0,0,0.303532749414444
"2-tert-Butylcyclohexanol","DTXSID4044799","13491-79-7","CC(C)(C)C1CCCCC1O",156.269,"Inactive",0,0,0.303532749414444
"Butyl 2-methylbutyrate","DTXSID4047046","15706-73-7","CCCCOC(=O)C(C)CC",158.241,"Inactive",0,0,0.303532749414444
"4-(tert-Pentyl)-cyclohexanone","DTXSID4047127","16587-71-6","CCC(C)(C)C1CCC(=O)CC1",168.28,"Inactive",0,0,0.303532749414444
"Methyl geranate","DTXSID4047129","2349-14-6","COC(=O)C=C(C)CCC=C(C)C",182.263,"Inactive",0,0,0.330349981784821
"4-Phenyltoluene","DTXSID4047177","644-08-6","CC1=CC=C(C=C1)C1=CC=CC=C1",168.239,"Inactive",0,0,0.444171458482742
"3-Carene","DTXSID4047462","13466-78-9","CC1=CCC2C(C1)C2(C)C",136.238,"Inactive",0,0,0.303532749414444
"alpha-Phellandrene","DTXSID4047593","99-83-2","CC(C)C1CC=C(C)C=C1",136.238,"Inactive",0,0,0.303532749414444
"6-Methyl-3-hydroxypyridine","DTXSID4051580","1121-78-4","CC1=NC=C(O)C=C1",109.128,"Inactive",0,0,0.303532749414444
"L-Ascorbic acid","DTXSID5020106","50-81-7","[H][C@@]1(OC(=O)C(O)=C1O)[C@@H](O)CO",176.124,"Inactive",0,0,0.338887989521027
"Aspirin","DTXSID5020108","50-78-2","CC(=O)OC1=C(C=CC=C1)C(O)=O",180.159,"Inactive",0,0,0.303532749414444
"Ergocalciferol","DTXSID5020233","50-14-6","[H][C@@]1(CC[C@@]2([H])\C(CCC[C@]12C)=C\C=C1\C[C@@H](O)CCC1=C)[C@H](C)\C=C\[C@H](C)C(C)C",396.659,"Inactive",0,0,0.457795679569244
"Acrylonitrile","DTXSID5020029","107-13-1","C=CC#N",53.064,"Inactive",0,0,0.356049418449402
"4,5-Dihydro-2-mercaptoimidazole","DTXSID5020601","96-45-7","S=C1NCCN1",102.16,"Inactive",0,0,0.303532749414444
"5-(5-Nitro-2-furyl)-1,3,4-oxadiazole-2-ol","DTXSID5020948","2122-86-3","OC1=NN=C(O1)C1=CC=C(O1)[N+]([O-])=O",197.106,"Inactive",0,0,0.303532749414444
"1-Phenyl-3,3-dimethyltriazene","DTXSID5021128","7227-91-0","CN(C)N=NC1=CC=CC=C1",149.197,"Inactive",0,0,0.303532749414444
"L-Tryptophan","DTXSID5021419","73-22-3","N[C@@H](CC1=CNC2=CC=CC=C12)C(O)=O",204.229,"Inactive",0,0,0.303532749414444
"6-Methyl-5-hepten-2-one","DTXSID5021629","110-93-0","CC(C)=CCCC(C)=O",126.199,"Inactive",0,0,0.303532749414444
"5,5-Dimethylhydantoin","DTXSID5021754","77-71-4","CC1(C)NC(=O)NC1=O",128.131,"Inactive",0,0,0.303532749414444
"4-Dimethylaminobenzaldehyde","DTXSID5021835","100-10-7","CN(C)C1=CC=C(C=O)C=C1",149.193,"Inactive",0,0,0.303532749414444
"Ethylenediamine","DTXSID5021881","107-15-3","NCCN",60.1,"Inactive",0,0,0.303532749414444
"Propargyl alcohol","DTXSID5021883","107-19-7","OCC#C",56.064,"Inactive",0,0,0.303532749414444
"2-Heptanone","DTXSID5021916","110-43-0","CCCCCC(C)=O",114.188,"Inactive",0,0,0.303532749414444
"4-(Diethylamino)salicylaldehyde","DTXSID5022271","17754-90-4","CCN(CC)C1=CC=C(C=O)C(O)=C1",193.246,"Active",1,0,0.303532749414444
"Cortisone","DTXSID5022857","53-06-5","[H][C@@]12CC[C@](O)(C(=O)CO)[C@@]1(C)CC(=O)[C@@]1([H])[C@@]2([H])CCC2=CC(=O)CC[C@]12C",360.45,"Inactive",0,0,0.358515024185181
"Etoposide","DTXSID5023035","33419-42-0","[H][C@]12COC(=O)[C@]1([H])[C@H](C1=CC(OC)=C(O)C(OC)=C1)C1=CC3=C(OCO3)C=C1[C@H]2O[C@]1([H])O[C@]2([H])CO[C@@H](C)O[C@@]2([H])[C@H](O)[C@H]1O",588.562,"Inactive",0,1,0.528698861598969
"Benomyl","DTXSID5023900","17804-35-2","CCCCNC(=O)N1C(NC(=O)OC)=NC2=C1C=CC=C2",290.323,"Inactive",0,0,0.328945398330688
"Glyoxal","DTXSID5025364","107-22-2","O=CC=O",58.036,"Inactive",0,0,0.303532749414444
"Methyl benzoate","DTXSID5025572","93-58-3","COC(=O)C1=CC=CC=C1",136.15,"Inactive",0,0,0.318573206663132
"1,2,3-Benzotriazin-4(1H)-one","DTXSID5026544","90-16-4","O=C1N=NNC2=C1C=CC=C2",147.137,"Inactive",0,0,0.303532749414444
"4-tert-Butylcyclohexanol","DTXSID5026623","98-52-2","CC(C)(C)C1CCC(O)CC1",156.269,"Inactive",0,0,0.303532749414444
"1-Dodecene","DTXSID5026914","112-41-4","CCCCCCCCCCC=C",168.324,"Inactive",0,0,0.303532749414444
"1-Dodecanol","DTXSID5026918","112-53-8","CCCCCCCCCCCCO",186.339,"Inactive",0,0,0.303532749414444
"N-Methylphthalimide","DTXSID5027198","550-44-7","CN1C(=O)C2=C(C=CC=C2)C1=O",161.16,"Inactive",0,0,0.303532749414444
"1-Propoxy-2-propanol","DTXSID5029217","1569-01-3","CCCOCC(C)O",118.176,"Inactive",0,0,0.303532749414444
"Pyrazolone T","DTXSID5041273","118-47-8","OC(=O)C1=NN(C(=O)C1)C1=CC=C(C=C1)S(O)(=O)=O",284.24,"Inactive",0,0,0.328945398330688
"1-Monolaurin","DTXSID5041275","142-18-7","CCCCCCCCCCCC(=O)OCC(O)CO",274.401,"Inactive",0,0,0.328945398330688
"Antioxidant 1098","DTXSID5044233","23128-74-7","CC(C)(C)C1=CC(CCC(=O)NCCCCCCNC(=O)CCC2=CC(=C(O)C(=C2)C(C)(C)C)C(C)(C)C)=CC(=C1O)C(C)(C)C",636.962,"Inactive",0,0,0.328945398330688
"Dibutyl azelate","DTXSID5044815","2917-73-9","CCCCOC(=O)CCCCCCCC(=O)OCCCC",300.439,"Inactive",0,0,0.328945398330688
"2-Benzyl-2-(dimethylamino)-1-[4-(morpholin-4-yl)phenyl]butan-1-one","DTXSID5044786","119313-12-1","CCC(CC1=CC=CC=C1)(N(C)C)C(=O)C1=CC=C(C=C1)N1CCOCC1",366.505,"Inactive",0,0,0.328945398330688
"3,3,5-Trimethylcyclohexanone","DTXSID5044996","873-94-9","CC1CC(=O)CC(C)(C)C1",140.226,"Inactive",0,0,0.303532749414444
"Methyl butyrate","DTXSID5047083","623-42-7","CCCC(=O)OC",102.133,"Inactive",0,0,0.303532749414444
"CP-422935","DTXSID5047299","NOCAS_47299","CS(O)(=O)=O.CCOC1=CC=CC(=C1)[C@]1(CC[C@H](C)CC1)N1CCN(CC1)C1=CC=CC=C1",474.66,"Inactive",0,0,0.328945398330688
"gamma-Heptalactone","DTXSID5047611","105-21-5","CCCC1CCC(=O)O1",128.171,"Inactive",0,0,0.303532749414444
"Hexyl propanoate","DTXSID5047582","2445-76-3","CCCCCCOC(=O)CC",158.241,"Inactive",0,0,0.303532749414444
"SSR161421","DTXSID5047374","477706-73-3","COC1=CC=C(C=C1)C(=O)NC1=NC2=C(C=CC=C2)C(NCC2=CC=CC=C2)=C1C#N",408.461,"Inactive",0,0,0.328945398330688
"4-Propylaniline","DTXSID5048180","2696-84-6","CCCC1=CC=C(N)C=C1",135.21,"Inactive",0,0,0.303532749414444
"Butyl vinyl ether","DTXSID5051575","111-34-2","CCCCOC=C",100.161,"Inactive",0,0,0.303532749414444
"C.I. Disperse Orange 25","DTXSID5051999","31482-56-1","CCN(CCC#N)C1=CC=C(C=C1)N=NC1=CC=C(C=C1)[N+]([O-])=O",323.356,"Inactive",0,0,0.328945398330688
"4,4'-(1-Phenylethylidene)bisphenol","DTXSID5051444","1571-75-1","CC(C1=CC=CC=C1)(C1=CC=C(O)C=C1)C1=CC=C(O)C=C1",290.362,"Active",1,0,0.39470836520195
"Diethyl ethoxymethylenemalonate","DTXSID5052591","87-13-8","CCOC=C(C(=O)OCC)C(=O)OCC",216.233,"Inactive",0,1,0.546145439147949
"Dehydroacetic acid","DTXSID6020014","520-45-6","CC(=O)C1C(=O)OC(C)=CC1=O",168.148,"Inactive",0,0,0.330349981784821
"Benzoic acid","DTXSID6020143","65-85-0","OC(=O)C1=CC=CC=C1",122.123,"Inactive",0,0,0.318573206663132
"Dimethoxane","DTXSID6020480","828-00-2","CC1CC(OC(C)=O)OC(C)O1",174.196,"Inactive",0,0,0.303532749414444
"Oxamyl","DTXSID6021086","23135-22-0","CNC(=O)ON=C(SC)C(=O)N(C)C",219.26,"Inactive",0,0,0.324442058801651
"2,5-Dihydrothiophene 1,1-dioxide","DTXSID6021294","77-79-2","O=S1(=O)CC=CC1",118.15,"Inactive",0,0,0.303532749414444
"Tricaprylin","DTXSID6021375","538-23-8","CCCCCCCC(=O)OCC(COC(=O)CCCCCCC)OC(=O)CCCCCCC",470.691,"Inactive",0,0,0.328945398330688
"C.I. Disperse Yellow 3","DTXSID6021450","2832-40-8","CC(=O)NC1=CC=C(C=C1)N=NC1=C(O)C=CC(C)=C1",269.304,"Inactive",0,0,0.324442058801651
"2,3-Butanedione","DTXSID6021583","431-03-8","CC(=O)C(C)=O",86.09,"Inactive",0,0,0.303532749414444
"Tetradecanoic acid","DTXSID6021666","544-63-8","CCCCCCCCCCCCCC(O)=O",228.376,"Inactive",0,0,0.324442058801651
"N,N-Diethylcyclohexylamine","DTXSID6021799","91-65-6","CCN(CC)C1CCCCC1",155.285,"Inactive",0,0,0.303532749414444
"Hexyl acetate","DTXSID6022006","142-92-7","CCCCCCOC(C)=O",144.214,"Inactive",0,0,0.303532749414444
"Didanosine","DTXSID6022927","69655-05-6","OC[C@@H]1CC[C@@H](O1)N1C=NC2=C1N=CNC2=O",236.231,"Inactive",0,0,0.324442058801651
"Butanedioic acid","DTXSID6023602","110-15-6","OC(=O)CCC(O)=O",118.088,"Inactive",0,0,0.303532749414444
"Molinate","DTXSID6024206","2212-67-1","CCSC(=O)N1CCCCCC1",187.3,"Inactive",0,0,0.303532749414444
"Phenanthrene","DTXSID6024254","85-01-8","C1=CC2=C(C=C1)C1=C(C=CC=C1)C=C2",178.234,"Inactive",0,0,0.303532749414444
"Biurea","DTXSID6024628","110-21-4","NC(=O)NNC(N)=O",118.096,"Inactive",0,0,0.303532749414444
"C.I. Solvent Red 80","DTXSID6024838","6358-53-8","COC1=CC=C(OC)C(=C1)N=NC1=C(O)C=CC2=C1C=CC=C2",308.337,"Inactive",0,0,0.328945398330688
"Decane","DTXSID6024913","124-18-5","CCCCCCCCCC",142.286,"Inactive",0,0,0.303532749414444
"1-Dodecanethiol","DTXSID6025220","112-55-0","CCCCCCCCCCCCS",202.4,"Inactive",0,0,0.42668342590332
"1-Methyl phenanthrene","DTXSID6025648","832-69-9","CC1=C2C=CC3=CC=CC=C3C2=CC=C1",192.261,"Inactive",0,0,0.303532749414444
"Musk ketone","DTXSID6025690","81-14-1","CC(=O)C1=C(C)C(=C(C(=C1C)[N+]([O-])=O)C(C)(C)C)[N+]([O-])=O",294.307,"Inactive",0,0,0.328945398330688
"Glutaraldehyde","DTXSID6025355","111-30-8","O=CCCCC=O",100.117,"Inactive",0,0,0.303532749414444
"8-Hydroxyquinoline sulfate","DTXSID6025436","134-31-6","OS(O)(=O)=O.OC1=C2N=CC=CC2=CC=C1.OC1=C2N=CC=CC2=CC=C1",388.39,"Inactive",0,0,0.328945398330688
"m-Xylene","DTXSID6026298","108-38-3","CC1=CC(C)=CC=C1",106.168,"Inactive",0,0,0.303532749414444
"2,6-Diethylaniline","DTXSID6027218","579-66-8","CCC1=CC=CC(CC)=C1N",149.237,"Inactive",0,0,0.303532749414444
"Isobutylbenzene","DTXSID6027181","538-93-2","CC(C)CC1=CC=CC=C1",134.222,"Inactive",0,0,0.303532749414444
"2-(Thiocyanomethylthio)benzothiazole","DTXSID6032647","21564-17-0","N#CSCSC1=NC2=CC=CC=C2S1",238.34,"Active",1,0,0.324442058801651
"Nicosulfuron","DTXSID6034764","111991-09-4","COC1=CC(OC)=NC(NC(=O)NS(=O)(=O)C2=NC=CC=C2C(=O)N(C)C)=N1",410.41,"Inactive",0,0,0.328945398330688
"2,3,4-Trihydroxbenzophenone","DTXSID6037728","1143-72-2","OC1=CC=C(C(=O)C2=CC=CC=C2)C(O)=C1O",230.219,"Inactive",0,0,0.361163586378098
"2,5-Dimercapto-1,3,4-thiadiazole","DTXSID6040115","1072-71-5","SC1=NN=C(S)S1",150.23,"Inactive",0,0,0.457859247922897
"Ethyl formate","DTXSID6040117","109-94-4","CCOC=O",74.079,"Inactive",0,0,0.303532749414444
"3,4-Dihydro-2H-pyran","DTXSID6041426","110-87-2","C1COC=CC1",84.118,"Inactive",0,0,0.303532749414444
"2-Furancarboxylic acid","DTXSID6041420","88-14-2","OC(=O)C1=CC=CO1",112.084,"Inactive",0,0,0.303532749414444
"Damascenone","DTXSID6041397","23696-85-7","CC=CC(=O)C1=C(C)C=CCC1(C)C",190.286,"Inactive",0,0,0.338887989521027
"3,7-Dimethyloctane-1,7-diol","DTXSID6044513","107-74-4","CC(CCO)CCCC(C)(C)O",174.284,"Inactive",0,0,0.303532749414444
"Acetone thiosemicarbazide","DTXSID6044480","1752-30-3","CC(C)=NNC(N)=S",131.2,"Inactive",0,0,0.328028291463852
"Ethylene glycol phenyl ether methacrylate","DTXSID6044773","10595-06-9","CC(=C)C(=O)OCCOC1=CC=CC=C1",206.241,"Inactive",0,0,0.330349981784821
"3-{[3-(Aziridin-1-yl)propanoyl]oxy}-2-({[3-(aziridin-1-yl)propanoyl]oxy}methyl)-2-(hydroxymethyl)propyl 3-(aziridin-1-yl)propanoate","DTXSID6044696","57116-45-7","OCC(COC(=O)CCN1CC1)(COC(=O)CCN1CC1)COC(=O)CCN1CC1",427.498,"Inactive",0,0,0.383849054574966
"{2-[2-(Ethenyloxy)ethoxy]ethoxy}ethene","DTXSID6044985","764-99-8","C=COCCOCCOC=C",158.197,"Inactive",0,0,0.303532749414444
"Isobutyl benzoate","DTXSID6047074","120-50-3","CC(C)COC(=O)C1=CC=CC=C1",178.231,"Inactive",0,0,0.318573206663132
"2-Methoxy-4-methylphenol","DTXSID6047105","93-51-6","COC1=CC(C)=CC=C1O",138.166,"Inactive",0,0,0.303532749414444
"3-(2-Methyl-3-furylthio)-4-heptanone","DTXSID6047157","61295-41-8","CCCC(=O)C(CC)SC1=C(C)OC=C1",226.33,"Inactive",0,0,0.324442058801651
"p-Tolyl isovalerate","DTXSID6047159","55066-56-3","CC(C)CC(=O)OC1=CC=C(C)C=C1",192.258,"Inactive",0,0,0.303532749414444
"Ethyl tetradecanoate","DTXSID6047654","124-06-1","CCCCCCCCCCCCCC(=O)OCC",256.43,"Inactive",0,0,0.324442058801651
"1,1-Bis(3-cyclohexyl-4-hydroxyphenyl)cyclohexane","DTXSID6051306","4221-68-5","OC1=CC=C(C=C1C1CCCCC1)C1(CCCCC1)C1=CC(C2CCCCC2)=C(O)C=C1",432.648,"Inactive",0,0,0.375002980232239
"Bisphenol A","DTXSID7020182","80-05-7","CC(C)(C1=CC=C(O)C=C1)C1=CC=C(O)C=C1",228.291,"Active",1,0,0.392219692468643
"Doxylamine succinate","DTXSID7020552","562-10-7","OC(=O)CCC(O)=O.CN(C)CCOC(C)(C1=CC=CC=C1)C1=CC=CC=N1",388.464,"Inactive",0,0,0.402095109224319
"1,2-Diphenylhydrazine","DTXSID7020710","122-66-7","N(NC1=CC=CC=C1)C1=CC=CC=C1",184.242,"Inactive",0,0,0.303532749414444
"Hydroquinone","DTXSID7020716","123-31-9","OC1=CC=C(O)C=C1",110.112,"Inactive",0,0,0.303532749414444
"1-Naphthylamine","DTXSID7020920","134-32-7","NC1=CC=CC2=C1C=CC=C2",143.189,"Inactive",0,0,0.303532749414444
"2-[2-(2-Butoxyethoxy)ethoxy]ethanol","DTXSID7021520","143-22-6","CCCCOCCOCCOCCO",206.282,"Inactive",0,0,0.303532749414444
"Dibutyl butanedioate","DTXSID7021998","141-03-7","CCCCOC(=O)CCC(=O)OCCCC",230.304,"Inactive",0,0,0.324442058801651
"myo-Inositol","DTXSID7023146","87-89-8","O[C@H]1[C@H](O)[C@@H](O)[C@H](O)[C@H](O)[C@@H]1O",180.156,"Inactive",0,0,0.303532749414444
"Tetracycline","DTXSID7023645","60-54-8","[H][C@@]12C[C@@]3([H])C(=C(O)[C@]1(O)C(=O)C(C(N)=O)=C(O)[C@H]2N(C)C)C(=O)C1=C(O)C=CC=C1[C@@]3(C)O",444.44,"Inactive",0,0,0.359275341033936
"Vernolate","DTXSID7024376","1929-77-7","CCCSC(=O)N(CCC)CCC",203.34,"Inactive",0,0,0.303532749414444
"Benzothiazole","DTXSID7024586","95-16-9","S1C=NC2=CC=CC=C12",135.18,"Inactive",0,0,0.303532749414444
"1,3-Dimethyl-2-nitrobenzene","DTXSID7025134","81-20-9","CC1=CC=CC(C)=C1[N+]([O-])=O",151.165,"Inactive",0,0,0.303532749414444
"Trimellitic anhydride","DTXSID7026235","552-30-7","OC(=O)C1=CC=C2C(=O)OC(=O)C2=C1",192.126,"Inactive",0,0,0.303532749414444
"Veratraldehyde","DTXSID7026285","120-14-9","COC1=CC=C(C=O)C=C1OC",166.176,"Inactive",0,0,0.303532749414444
"7-Amino-4-hydroxynaphthalene-2-sulfonic acid","DTXSID7026520","87-02-5","NC1=CC2=C(C=C1)C(O)=CC(=C2)S(O)(=O)=O",239.25,"Inactive",0,0,0.324442058801651
"1,1'-Oxybis-2-propanol","DTXSID7026863","110-98-5","CC(O)COCC(C)O",134.175,"Inactive",0,0,0.303532749414444
"2,6,8-Trimethyl-4-nonanone","DTXSID7026998","123-18-2","CC(C)CC(C)CC(=O)CC(C)C",184.323,"Inactive",0,0,0.303532749414444
"1,3-Benzenedicarbonitrile","DTXSID7027259","626-17-5","N#CC1=CC(=CC=C1)C#N",128.134,"Inactive",0,0,0.303532749414444
"Thiodiethylene bis(3-(3,5-di-tert-butyl-4-hydroxyphenyl)propionate)","DTXSID7028011","41484-35-9","CC(C)(C)C1=CC(CCC(=O)OCCSCCOC(=O)CCC2=CC(=C(O)C(=C2)C(C)(C)C)C(C)(C)C)=CC(=C1O)C(C)(C)C",642.94,"Inactive",0,0,0.328945398330688
"2,4-Bis(1-methyl-1-phenylethyl)phenol","DTXSID7029241","2772-45-4","CC(C)(C1=CC=CC=C1)C1=CC(=C(O)C=C1)C(C)(C)C1=CC=CC=C1",330.471,"Inactive",0,0,0.355306953191757
"Ethylenebis(oxyethylene) dibenzoate","DTXSID7029611","120-56-9","O=C(OCCOCCOCCOC(=O)C1=CC=CC=C1)C1=CC=CC=C1",358.39,"Inactive",0,0,0.328945398330688
"Indole-3-carbinol","DTXSID7031458","700-06-1","OCC1=CNC2=C1C=CC=C2",147.177,"Inactive",0,0,0.303532749414444
"Fenoxycarb","DTXSID7032393","72490-01-8","CCOC(=O)NCCOC1=CC=C(OC2=CC=CC=C2)C=C1",301.342,"Inactive",0,0,0.328945398330688
"Mesotrione","DTXSID7032424","104206-82-8","CS(=O)(=O)C1=CC(=C(C=C1)C(=O)C1C(=O)CCCC1=O)[N+]([O-])=O",339.32,"Inactive",0,0,0.370663344860077
"2,6-Diisopropylnaphthalene","DTXSID7035272","24157-81-1","CC(C)C1=CC2=C(C=C1)C=C(C=C2)C(C)C",212.336,"Inactive",0,0,0.381558567285538
"N-(3-Dimethylaminopropyl)methacrylamide","DTXSID7040154","5205-93-6","CN(C)CCCNC(=O)C(C)=C",170.256,"Inactive",0,0,0.330349981784821
"2,2'-Methylenebis(ethyl-6-tert-butylphenol)","DTXSID7038864","88-24-4","CCC1=CC(CC2=C(O)C(=CC(CC)=C2)C(C)(C)C)=C(O)C(=C1)C(C)(C)C",368.561,"Inactive",0,0,0.355306953191757
"Arbutin","DTXSID7040152","497-76-7","OC[C@H]1O[C@@H](OC2=CC=C(O)C=C2)[C@H](O)[C@@H](O)[C@@H]1O",272.253,"Inactive",0,0,0.36708801984787
"2-(Methacryloyloxy)ethyl acetoacetate","DTXSID7041388","21282-97-3","CC(=O)CC(=O)OCCOC(=O)C(C)=C",214.217,"Inactive",0,0,0.342287093400955
"(+)-alpha-Pinene","DTXSID7041671","7785-70-8","CC1=CC[C@@H]2C[C@H]1C2(C)C",136.238,"Inactive",0,0,0.303532749414444
"(Â±)-Bornyl acetate","DTXSID7041675","76-49-3","CC(=O)O[C@@H]1C[C@@H]2CC[C@@]1(C)C2(C)C",196.29,"Inactive",0,0,0.303532749414444
"Isobornyl acetate","DTXSID7042061","125-12-2","CC(=O)O[C@H]1C[C@@H]2CC[C@@]1(C)C2(C)C",196.29,"Inactive",0,0,0.303532749414444
"2-Phenoxyethyl isobutyrate","DTXSID7042279","103-60-6","CC(C)C(=O)OCCOC1=CC=CC=C1",208.257,"Inactive",0,0,0.303532749414444
"Butyl lactate","DTXSID7042196","138-22-7","CCCCOC(=O)C(C)O",146.186,"Inactive",0,0,0.303532749414444
"2,5,8,11,14-Pentaoxapentadecane","DTXSID7044396","143-24-8","COCCOCCOCCOCCOC",222.281,"Inactive",0,0,0.324442058801651
"2-Phenylethyl acetate","DTXSID7044506","103-45-7","CC(=O)OCCC1=CC=CC=C1",164.204,"Inactive",0,0,0.303532749414444
"2,2'-[Benzene-1,3-diylbis(oxy)]diethanol","DTXSID7044502","102-40-9","OCCOC1=CC(OCCO)=CC=C1",198.218,"Inactive",0,0,0.303532749414444
"Ethyl 2-methylpentanoate","DTXSID7047198","39255-32-8","CCCC(C)C(=O)OCC",144.214,"Inactive",0,0,0.303532749414444
"CP-105696","DTXSID7047308","158081-99-3","O[C@@H]1[C@@H](CC2=CC=C(C=C2)C2=CC=CC=C2)COC2=C1C=CC(=C2)C1(CCCC1)C(O)=O",428.528,"Inactive",0,0,0.469202786684036
"alpha-Hexyl-gamma-butyrolactone","DTXSID7047437","18436-37-8","CCCCCCC1CCOC1=O",170.252,"Inactive",0,0,0.303532749414444
"1-Cyclohexylethanol","DTXSID7047643","1193-81-3","CC(O)C1CCCCC1",128.215,"Inactive",0,0,0.303532749414444
"Methyl 4-methoxybenzoate","DTXSID7047645","121-98-2","COC(=O)C1=CC=C(OC)C=C1",166.176,"Inactive",0,0,0.303532749414444
"Azobenzene","DTXSID8020123","103-33-3","C1=CC=C(C=C1)N=NC1=CC=CC=C1",182.226,"Inactive",0,0,0.303532749414444
"8-Methoxypsoralen","DTXSID8020830","298-81-7","COC1=C2OC(=O)C=CC2=CC2=C1OC=C2",216.192,"Inactive",0,0,0.324442058801651
"Methyl carbamate","DTXSID8020834","598-55-0","COC(N)=O",75.067,"Inactive",0,0,0.303532749414444
"Butyraldehyde","DTXSID8021513","123-72-8","CCCC=O",72.107,"Inactive",0,0,0.303532749414444
"2-(2-Butoxyethoxy)ethanol","DTXSID8021519","112-34-5","CCCCOCCOCCO",162.229,"Inactive",0,0,0.303532749414444
"Nicotine sulfate (2:1)","DTXSID8021725","65-30-5","OS(O)(=O)=O.CN1CCC[C@H]1C1=CN=CC=C1.CN1CCC[C@H]1C1=CN=CC=C1",422.54,"Inactive",0,0,0.328945398330688
"Riboflavin","DTXSID8021777","83-88-5","CC1=CC2=C(C=C1C)N(C[C@H](O)[C@H](O)[C@H](O)CO)C1=NC(=O)NC(=O)C1=N2",376.369,"Inactive",0,0,0.354543119668961
"1-Heptanol","DTXSID8021937","111-70-6","CCCCCCCO",116.204,"Inactive",0,0,0.303532749414444
"2-Hydroxyacetanilide","DTXSID8022082","614-80-2","CC(=O)NC1=C(O)C=CC=C1",151.165,"Inactive",0,0,0.303532749414444
"Asulam","DTXSID8023890","3337-71-1","COC(=O)NS(=O)(=O)C1=CC=C(N)C=C1",230.24,"Inactive",0,0,0.324442058801651
"Fluorene","DTXSID8024105","86-73-7","C1C2=C(C=CC=C2)C2=C1C=CC=C2",166.223,"Inactive",0,0,0.303532749414444
"Isoxaben","DTXSID8024159","82558-50-7","CCC(C)(CC)C1=NOC(NC(=O)C2=C(OC)C=CC=C2OC)=C1",332.4,"Inactive",0,0,0.354543119668961
"Ethyl 2,3-epoxy-3-phenylpropionate","DTXSID8025886","121-39-1","CCOC(=O)C1OC1C1=CC=CC=C1",192.214,"Active",1,0,0.303532749414444
"Methylene bis(thiocyanate)","DTXSID8025599","6317-18-6","N#CSCSC#N",130.18,"Inactive",0,0,0.303532749414444
"2-Amino-2-methylpropan-1-ol","DTXSID8027032","124-68-5","CC(C)(N)CO",89.138,"Inactive",0,0,0.303532749414444
"2-(Hydroxymethyl)-2-nitro-1,3-propanediol","DTXSID8027034","126-11-4","OCC(CO)(CO)[N+]([O-])=O",151.118,"Inactive",0,0,0.303532749414444
"1-Butoxy-2-propanol","DTXSID8027589","5131-66-8","CCCCOCC(C)O",132.203,"Inactive",0,0,0.303532749414444
"4,4'-(4-Methylpentane-2,2-diyl)diphenol","DTXSID8029282","6807-17-6","CC(C)CC(C)(C1=CC=C(O)C=C1)C1=CC=C(O)C=C1",270.372,"Active",1,0,0.39470836520195
"1,1,2,2-(4,4',4'',4'''-Tetraglycidyloxyphenyl)ethane","DTXSID8029286","7328-97-4","C(OC1=CC=C(C=C1)C(C(C1=CC=C(OCC2CO2)C=C1)C1=CC=C(OCC2CO2)C=C1)C1=CC=C(OCC2CO2)C=C1)C1CO1",622.714,"Active",1,1,0.598488688468933
"Menthol","DTXSID8029650","1490-04-6","CC(C)C1CCC(C)CC1O",156.269,"Inactive",0,0,0.303532749414444
"Curcumin","DTXSID8031077","458-37-7","COC1=CC(\C=C\C(=O)CC(=O)\C=C\C2=CC=C(O)C(OC)=C2)=CC=C1O",368.385,"Active",1,0,0.495242536067963
"Ethofumesate","DTXSID8034580","26225-79-6","CCOC1OC2=C(C=C(OS(C)(=O)=O)C=C2)C1(C)C",286.34,"Inactive",0,0,0.328945398330688
"Pinoxaden","DTXSID8034823","243973-20-8","CCC1=CC(C)=CC(CC)=C1C1=C(OC(=O)C(C)(C)C)N2CCOCCN2C1=O",400.519,"Inactive",0,0,0.328945398330688
"Pyrimethanil","DTXSID8034877","53112-28-0","CC1=CC(C)=NC(NC2=CC=CC=C2)=N1",199.257,"Inactive",0,0,0.303532749414444
"10-Undecenoic acid","DTXSID8035001","112-38-9","OC(=O)CCCCCCCCC=C",184.279,"Inactive",0,0,0.303532749414444
"Butyl benzoate","DTXSID8040694","136-60-7","CCCCOC(=O)C1=CC=CC=C1",178.231,"Inactive",0,0,0.318573206663132
"2-Butyl-2-ethyl-1,3-propanediol","DTXSID8041400","115-84-4","CCCCC(CC)(CO)CO",160.257,"Inactive",0,0,0.303532749414444
"3,6,9,12,15-Pentaoxahexadecanol","DTXSID8041371","23778-52-1","COCCOCCOCCOCCOCCO",252.307,"Inactive",0,0,0.324442058801651
"1,2,4-Butanetriol","DTXSID8044416","3068-00-6","OCCC(O)CO",106.121,"Inactive",0,0,0.303532749414444
"2-Hydroxy-2-methylpropiophenone","DTXSID8044830","7473-98-5","CC(C)(O)C(=O)C1=CC=CC=C1",164.204,"Inactive",0,0,0.318573206663132
"2,4,4'-Trihydroxybenzophenone","DTXSID8044836","1470-79-7","OC1=CC=C(C=C1)C(=O)C1=CC=C(O)C=C1O",230.219,"Active",1,0,0.361163586378098
"2-[2-(2-Propoxyethoxy)ethoxy]ethanol","DTXSID8044880","23305-64-8","CCCOCCOCCOCCO",192.255,"Inactive",0,0,0.303532749414444
"Citronellyl propionate","DTXSID8047187","141-14-0","CCC(=O)OCCC(C)CCC=C(C)C",212.333,"Inactive",0,0,0.338060945272446
"Decyl acetate","DTXSID8047189","112-17-4","CCCCCCCCCCOC(C)=O",200.322,"Inactive",0,0,0.303532749414444
"2-Methylbenzenethiol","DTXSID8047135","137-06-4","CC1=CC=CC=C1S",124.2,"Inactive",0,1,0.530216157436371
"Hexyl octanoate","DTXSID8047636","1117-55-1","CCCCCCCC(=O)OCCCCCC",228.376,"Inactive",0,0,0.324442058801651
"4-Cyclohexyl-4-methyl-pentan-2-one","DTXSID8047682","4927-39-3","CC(=O)CC(C)(C)C1CCCCC1",182.307,"Inactive",0,0,0.303532749414444
"(3aR)-(+)-Sclareolide","DTXSID8047686","564-20-5","C[C@@]12CC[C@H]3C(C)(C)CCC[C@]3(C)[C@H]1CC(=O)O2",250.382,"Inactive",0,0,0.394483953714371
"Geranyl propionate","DTXSID8051540","105-90-8","CCC(=O)OC\C=C(/C)CCC=C(C)C",210.317,"Inactive",0,0,0.351289451122284
"Ethyl octanoate","DTXSID8051542","106-32-1","CCCCCCCC(=O)OCC",172.268,"Inactive",0,0,0.303532749414444
"6-Methylhept-5-en-2-ol","DTXSID8051754","1569-60-4","CC(O)CCC=C(C)C",128.215,"Inactive",0,0,0.303532749414444
"Glycerol","DTXSID9020663","56-81-5","OCC(O)CO",92.094,"Inactive",0,0,0.303532749414444
"Maleic hydrazide","DTXSID9020792","123-33-1","O=C1NNC(=O)C=C1",112.088,"Inactive",0,0,0.303532749414444
"4-Nitro-1,2-phenylenediamine","DTXSID9020958","99-56-9","NC1=C(N)C=C(C=C1)[N+]([O-])=O",153.141,"Inactive",0,0,0.303532749414444
"Praziquantel","DTXSID9021182","55268-74-1","O=C(C1CCCCC1)N1CC2N(CCC3=C2C=CC=C3)C(=O)C1",312.413,"Inactive",0,0,0.435644745826721
"Decanoic acid","DTXSID9021554","334-48-5","CCCCCCCCCC(O)=O",172.268,"Inactive",0,0,0.303532749414444
"2-(Ethylamino)ethanol","DTXSID9021922","110-73-6","CCNCCO",89.138,"Inactive",0,0,0.303532749414444
"2-Pyridinecarbonitrile","DTXSID9021843","100-70-9","N#CC1=NC=CC=C1",104.112,"Inactive",0,0,0.303532749414444
"Ethyl cinnamate","DTXSID9022520","103-36-6","CCOC(=O)C=CC1=CC=CC=C1",176.215,"Inactive",0,0,0.382267653942108
"Zileuton","DTXSID9023752","111406-87-2","CC(N(O)C(N)=O)C1=CC2=C(S1)C=CC=C2",236.29,"Inactive",0,0,0.324442058801651
"Sethoxydim","DTXSID9024304","74051-80-2","CCCC(=NOCC)C1=C(O)CC(CC(C)SCC)CC1=O",327.48,"Inactive",0,0,0.384581536054611
"Aldicarb oxime","DTXSID9024431","1646-75-9","CSC(C)(C)C=NO",133.21,"Inactive",0,0,0.303532749414444
"2,5-Dimethyl-2,5-di-(tert-butylperoxy)hexane","DTXSID9025110","78-63-7","CC(C)(C)OOC(C)(C)CCC(C)(C)OOC(C)(C)C",290.444,"Inactive",0,0,0.328945398330688
"2-Ethylhexyl acrylate","DTXSID9025297","103-11-7","CCCCC(CC)COC(=O)C=C",184.279,"Inactive",0,0,0.330349981784821
"6-Methyl coumarin","DTXSID9025588","92-48-8","CC1=CC=C2OC(=O)C=CC2=C1",160.172,"Inactive",0,0,0.303532749414444
"2,4-Di-tert-pentylphenol","DTXSID9026974","120-95-6","CCC(C)(C)C1=CC(=C(O)C=C1)C(C)(C)CC",234.383,"Inactive",0,0,0.324442058801651
"Diethylene glycol monobutyl ether acetate","DTXSID9027021","124-17-4","CCCCOCCOCCOC(C)=O",204.266,"Inactive",0,0,0.303532749414444
"Trimethylenediaminetetraacetic acid","DTXSID9029225","1939-36-2","OC(=O)CN(CCCN(CC(O)=O)CC(O)=O)CC(O)=O",306.271,"Inactive",0,0,0.328945398330688
"1,3-Benzenedimethanamine","DTXSID9029649","1477-55-0","NCC1=CC(CN)=CC=C1",136.198,"Inactive",0,0,0.303532749414444
"Etofenprox","DTXSID9032610","80844-07-1","CCOC1=CC=C(C=C1)C(C)(C)COCC1=CC(OC2=CC=CC=C2)=CC=C1",376.496,"Inactive",0,0,0.328945398330688
"1,2-Octanediol","DTXSID9036646","1117-86-8","CCCCCCC(O)CO",146.23,"Inactive",0,0,0.303532749414444
"Diisobutyl adipate","DTXSID9036690","141-04-8","CC(C)COC(=O)CCCCC(=O)OCC(C)C",258.358,"Inactive",0,0,0.324442058801651
"Monomethyl phthalate","DTXSID9040001","4376-18-5","COC(=O)C1=C(C=CC=C1)C(O)=O",180.159,"Inactive",0,0,0.303532749414444
"(2-Methylphenoxy)acetic acid","DTXSID9041441","1878-49-5","CC1=C(OCC(O)=O)C=CC=C1",166.176,"Inactive",0,0,0.303532749414444
"4-Methylbenzaldehyde","DTXSID9041520","104-87-0","CC1=CC=C(C=O)C=C1",120.151,"Inactive",0,0,0.303532749414444
"4-Pyridinecarbonitrile","DTXSID9041528","100-48-1","N#CC1=CC=NC=C1",104.112,"Inactive",0,0,0.303532749414444
"Methyl 3-methylorsellinate","DTXSID9041653","4707-47-5","COC(=O)C1=C(O)C(C)=C(O)C=C1C",196.202,"Inactive",0,0,0.303532749414444
"N-Methyldioctylamine","DTXSID9042209","4455-26-9","CCCCCCCCN(C)CCCCCCCC",255.49,"Inactive",0,0,0.324442058801651
"2,2'-[Ethane-1,2-diylbis(oxy)]diethanamine","DTXSID9044742","929-59-9","NCCOCCOCCN",148.206,"Inactive",0,0,0.303532749414444
"3,3-Dimethylallyl acetate","DTXSID9047128","1191-16-8","CC(C)=CCOC(C)=O",128.171,"Inactive",0,0,0.303532749414444
"4-Formyl-2-methoxyphenyl isobutyrate","DTXSID9047201","20665-85-4","COC1=C(OC(=O)C(C)C)C=CC(C=O)=C1",222.24,"Inactive",0,0,0.381558567285538
"5-Methyl-2-phenyl-2-hexenal","DTXSID9047419","21834-92-4","CC(C)CC=C(C=O)C1=CC=CC=C1",188.27,"Inactive",0,0,0.330349981784821
"3-Hydroxyfluorene","DTXSID9047540","6344-67-8","OC1=CC2=C(CC3=CC=CC=C23)C=C1",182.222,"Inactive",0,0,0.303532749414444
"2-Phenylethyl benzoate","DTXSID9047590","94-47-3","O=C(OCCC1=CC=CC=C1)C1=CC=CC=C1",226.275,"Inactive",0,0,0.324442058801651
"Methyl abietate","DTXSID9048190","127-25-3","COC(=O)[C@]1(C)CCC[C@]2(C)[C@H]3CCC(=CC3=CC[C@@H]12)C(C)C",316.485,"Inactive",0,0,0.379632592201233
"4-Hydroxybenzonitrile","DTXSID9052509","767-00-0","OC1=CC=C(C=C1)C#N",119.123,"Inactive",0,0,0.303532749414444
