INPUT,FOUND_BY,DTXSID,PREFERRED_NAME,CASRN,SMILES,MOLECULAR_FORMULA,AVERAGE_MASS
375-82-6,CASRN,DTXSID00190950,6:1 Fluorotelomer alcohol,375-82-6,OCC(F)(F)C(F)(F)C(F)(F)C(F)(F)C(F)(F)C(F)(F)F,C7H3F13O,350.079
61702-44-1,CASRN,DTXSID0020284,"2-Chloro-1,4-diaminobenzene sulfate (1:1)",61702-44-1,OS(O)(=O)=O.NC1=CC=C(N)C(Cl)=C1,C6H9ClN2O4S,240.66
50-28-2,CASRN,DTXSID0020573,17beta-Estradiol,50-28-2,[H][C@@]12CC[C@H](O)[C@@]1(C)CC[C@]1([H])C3=CC=C(O)C=C3CC[C@@]21[H],C18H24O2,272.388
52-68-6,CASRN,DTXSID0021389,Trichlorfon,52-68-6,COP(=O)(OC)C(O)C(Cl)(Cl)Cl,C4H8Cl3O4P,257.43
119-61-9,CASRN,DTXSID0021961,Benzophenone,119-61-9,O=C(C1=CC=CC=C1)C1=CC=CC=C1,C13H10O,182.222
55290-64-7,CASRN,DTXSID0024052,Dimethipin,55290-64-7,CC1=C(C)S(=O)(=O)CCS1(=O)=O,C6H10O4S2,210.26
71-58-9,CASRN,DTXSID0025527,Medroxyprogesterone acetate,71-58-9,[H][C@@]12CC[C@](OC(C)=O)(C(C)=O)[C@@]1(C)CC[C@@]1([H])[C@@]2([H])C[C@H](C)C2=CC(=O)CC[C@]12C,C24H34O4,386.532
102-96-5,CASRN,DTXSID0025789,beta-Nitrostyrene,102-96-5,[O-][N+](=O)C=CC1=CC=CC=C1,C8H7NO2,149.149
23031-36-9,CASRN,DTXSID0032572,Prallethrin,23031-36-9,CC(C)=CC1C(C(=O)OC2CC(=O)C(CC#C)=C2C)C1(C)C,C19H24O3,300.398
10161-33-8,CASRN,DTXSID0034192,17beta-Trenbolone,10161-33-8,[H][C@@]12CC[C@H](O)[C@@]1(C)C=CC1=C3CCC(=O)C=C3CC[C@@]21[H],C18H22O2,270.372
119168-77-3,CASRN,DTXSID0034223,Tebufenpyrad,119168-77-3,CCC1=NN(C)C(C(=O)NCC2=CC=C(C=C2)C(C)(C)C)=C1Cl,C18H24ClN3O,333.86
52447-23-1,CASRN,DTXSID00379925,Perfluorononanoyl chloride,52447-23-1,FC(F)(F)C(F)(F)C(F)(F)C(F)(F)C(F)(F)C(F)(F)C(F)(F)C(F)(F)C(Cl)=O,C9ClF17O,482.52
330562-44-2,CASRN,DTXSID00380798,"1H,1H,11H,11H-Perfluorotetraethylene glycol",330562-44-2,OCC(F)(F)OC(F)(F)C(F)(F)OC(F)(F)C(F)(F)OC(F)(F)CO,C8H6F12O5,410.112
33228-44-3,CASRN,DTXSID0040707,4-Pentylaniline,33228-44-3,CCCCCC1=CC=C(N)C=C1,C11H17N,163.264
67-73-2,CASRN,DTXSID0040674,Fluocinolone acetonide,67-73-2,CC1(C)O[C@@H]2C[C@H]3[C@@H]4C[C@H](F)C5=CC(=O)C=C[C@]5(C)[C@@]4(F)[C@@H](O)C[C@]3(C)[C@@]2(O1)C(=O)CO,C24H30F2O6,452.495
3025-30-7,CASRN,DTXSID0041357,"Ethyl (2E,4Z)-deca-2,4-dienoate",3025-30-7,CCCCC\C=C/C=C/C(=O)OCC,C12H20O2,196.29
01-06-4776,Searched by Synonym: Found 0 results,N/A,N/A,N/A,N/A,N/A,N/A
28768-32-3,CASRN,DTXSID0042248,"4,4'-Methylenebis(N,N-diglycidylaniline)",28768-32-3,C(C1CO1)N(CC1CO1)C1=CC=C(CC2=CC=C(C=C2)N(CC2CO2)CC2CO2)C=C1,C25H30N2O4,422.525
1120-01-0,CASRN,DTXSID0042400,Sodium hexyldecyl sulfate,1120-01-0,[Na+].CCCCCCCCCCCCCCCCOS([O-])(=O)=O,C16H33NaO4S,344.49
123-81-9,CASRN,DTXSID0044527,"Ethane-1,2-diyl bis(sulfanylacetate)",123-81-9,SCC(=O)OCCOC(=O)CS,C6H10O4S2,210.26
2517-43-3,CASRN,DTXSID0044812,3-Methoxybutan-1-ol,2517-43-3,COC(C)CCO,C5H12O2,104.149
64-85-7,CASRN,DTXSID0045254,21-Hydroxyprogesterone,64-85-7,[H][C@@]12CC[C@H](C(=O)CO)[C@@]1(C)CC[C@@]1([H])[C@@]2([H])CCC2=CC(=O)CC[C@]12C,C21H30O3,330.468
67674-36-6,CASRN,DTXSID0047034,"(2E,6Z)-1,1-diethoxynona-2,6-diene",67674-36-6,CCOC(OCC)\C=C\CC\C=C/CC,C13H24O2,212.333
6790-58-5,CASRN,DTXSID0047113,(-)-Ambroxide,6790-58-5,C[C@@]12CC[C@H]3C(C)(C)CCC[C@]3(C)[C@H]1CCO2,C16H28O,236.399
139340-56-0,CASRN,DTXSID0047246,Darbufelone mesylate,139340-56-0,CS(O)(=O)=O.CC(C)(C)C1=CC(\C=C2/SC(=N)NC2=O)=CC(=C1O)C(C)(C)C,C19H28N2O5S2,428.56
402910-27-4,CASRN,DTXSID0047290,UK-416244,402910-27-4,CSC1=CC=C(OC2=CC=C(C=C2CN(C)C)S(N)(=O)=O)C=C1C,C17H22N2O3S2,366.49
313994-79-5,CASRN,DTXSID0047327,MK-578,313994-79-5,CCN1N=C(CC2=CC=CC=C2)C=C1C1CCN(C[C@H]2C[C@@H](C[C@@H]2C2=CC=CC(F)=C2)N(C)[C@H](C(C)C)C(O)=O)CC1,C35H47FN4O2,574.785
1437319-51-1,CASRN,DTXSID0047379,"3-Chloro-2-((3R)-5-chloro-1-(2,4-dimethoxybenzyl)-3-methyl-2-oxo-2,3-dihydro-1H-indol-3-yl)-N-ethyl-N-(3-pyridinylmethyl)benzamide hydrochloride (1:1)",1437319-51-1,Cl.CCN(CC1=CC=CN=C1)C(=O)C1=CC=CC(Cl)=C1[C@]1(C)C(=O)N(CC2=C(OC)C=C(OC)C=C2)C2=CC=C(Cl)C=C12,C33H32Cl3N3O4,640.99
NOCAS_48507,CASRN,DTXSID0048507,PharmaGSID_48507,NOCAS_48507,Cl.CN1C(=O)C=C(OC2=C(F)C=C(F)C=C2)C2=C1N=C(NCC(C)(C)O)N=C2,C18H19ClF2N4O3,412.82
NOCAS_48505,CASRN,DTXSID0048505,PharmaGSID_48505,NOCAS_48505,CC1=C2N=C(C3=CC=CC=C3Cl)C3=C(NC2=NN1)C=CC(=C3)[N+]([O-])=O,C17H12ClN5O2,353.77
NOCAS_48509,CASRN,DTXSID0048509,PharmaGSID_48509,NOCAS_48509,CCCN(C1CCN(CC1)C(=O)C1CCNCC1)[C@@H]1CCC2=C(C1)C=C(OC)C=C2,C25H39N3O2,413.606
175178-82-2,CASRN,DTXSID0051447,"N-(3-Chlorophenyl)-6,7-dimethoxyquinazolin-4-amine",175178-82-2,COC1=CC2=NC=NC(NC3=CC=CC(Cl)=C3)=C2C=C1OC,C16H14ClN3O2,315.76
33171-05-0,CASRN,DTXSID00872663,Bisdemethoxycurcumin,33171-05-0,OC1=CC=C(\C=C\C(=O)CC(=O)\C=C\C2=CC=C(O)C=C2)C=C1,C19H16O4,308.333
98-54-4,CASRN,DTXSID1020221,"4-(1,1-Dimethylethyl)phenol",98-54-4,CC(C)(C)C1=CC=C(O)C=C1,C10H14O,150.221
156-10-5,CASRN,DTXSID1021031,4-Nitrosodiphenylamine,156-10-5,O=NC1=CC=C(NC2=CC=CC=C2)C=C1,C12H10N2O,198.225
6373-74-6,CASRN,DTXSID1021081,C.I. Acid Orange 3,6373-74-6,[Na+].[O-][N+](=O)C1=CC(=C(NC2=CC(=C(NC3=CC=CC=C3)C=C2)S([O-])(=O)=O)C=C1)[N+]([O-])=O,C18H13N4NaO7S,452.37
989-38-8,CASRN,DTXSID1021243,Rhodamine 6G,989-38-8,[Cl-].CCNC1=CC2=[O+]C3=C(C=C(C)C(NCC)=C3)C(=C2C=C1C)C1=C(C=CC=C1)C(=O)OCC,C28H31ClN2O3,479.02
97-77-8,CASRN,DTXSID1021322,Tetraethylthiuram disulfide,97-77-8,CCN(CC)C(=S)SSC(=S)N(CC)CC,C10H20N2S4,296.52
569-61-9,CASRN,DTXSID1021247,C.I. Basic Red 9 monohydrochloride,569-61-9,Cl.NC1=CC=C(C=C1)C(C1=CC=C(N)C=C1)=C1C=CC(=N)C=C1,C19H18ClN3,323.82
480-40-0,CASRN,DTXSID1022396,Chrysin,480-40-0,OC1=CC2=C(C(O)=C1)C(=O)C=C(O2)C1=CC=CC=C1,C15H10O4,254.241
7383-71-3,CASRN,DTXSID10224331,"2,2,3,3-Tetrafluoropropyl acrylate",7383-71-3,FC(F)C(F)(F)COC(=O)C=C,C6H6F4O2,186.106
491-80-5,CASRN,DTXSID1022394,Biochanin A,491-80-5,COC1=CC=C(C=C1)C1=COC2=C(C(O)=CC(O)=C2)C1=O,C16H12O5,284.267
1024-57-3,CASRN,DTXSID1024126,Heptachlor epoxide B,1024-57-3,[H][C@]12O[C@@]1([H])[C@@]1([H])[C@@]([H])([C@H]2Cl)[C@@]2(Cl)C(Cl)=C(Cl)[C@]1(Cl)C2(Cl)Cl,C10H5Cl7O,389.3
118-58-1,CASRN,DTXSID1024598,Benzyl salicylate,118-58-1,OC1=C(C=CC=C1)C(=O)OCC1=CC=CC=C1,C14H12O3,228.247
7085-85-0,CASRN,DTXSID1025279,Ethyl cyanoacrylate,7085-85-0,CCOC(=O)C(=C)C#N,C6H7NO2,125.127
569-64-2,CASRN,DTXSID1025512,Malachite green,569-64-2,[Cl-].CN(C)C1=CC=C(C=C1)C(C1=CC=CC=C1)=C1C=CC(C=C1)=[N+](C)C,C23H25ClN2,364.92
26530-20-1,CASRN,DTXSID1025805,Octhilinone,26530-20-1,CCCCCCCCN1SC=CC1=O,C11H19NOS,213.34
79-94-7,CASRN,DTXSID1026081,"3,3',5,5'-Tetrabromobisphenol A",79-94-7,CC(C)(C1=CC(Br)=C(O)C(Br)=C1)C1=CC(Br)=C(O)C(Br)=C1,C15H12Br4O2,543.875
66-71-7,CASRN,DTXSID1025857,"1,10-Phenanthroline",66-71-7,C1=CC2=C(N=C1)C1=C(C=CC=N1)C=C2,C12H8N2,180.21
112-18-5,CASRN,DTXSID1026906,"N,N-Dimethyldodecan-1-amine",112-18-5,CCCCCCCCCCCCN(C)C,C14H31N,213.409
22248-79-9,CASRN,DTXSID1032648,Z-Tetrachlorvinphos,22248-79-9,COP(=O)(OC)O\C(=C/Cl)C1=C(Cl)C=C(Cl)C(Cl)=C1,C10H9Cl4O4P,365.95
58-18-4,CASRN,DTXSID1033664,17-Methyltestosterone,58-18-4,[H][C@@]12CC[C@](C)(O)[C@@]1(C)CC[C@@]1([H])[C@@]2([H])CCC2=CC(=O)CC[C@]12C,C20H30O2,302.458
82640-04-8,CASRN,DTXSID1034181,Raloxifene hydrochloride,82640-04-8,Cl.OC1=CC=C(C=C1)C1=C(C(=O)C2=CC=C(OCCN3CCCCC3)C=C2)C2=CC=C(O)C=C2S1,C28H28ClNO4S,510.05
65733-16-6,CASRN,DTXSID1035783,S-Methoprene,65733-16-6,COC(C)(C)CCC[C@H](C)C\C=C\C(\C)=C\C(=O)OC(C)C,C19H34O3,310.478
283594-90-1,CASRN,DTXSID1034929,Spiromesifen,283594-90-1,CC1=CC(C)=C(C2=C(OC(=O)CC(C)(C)C)C3(CCCC3)OC2=O)C(C)=C1,C23H30O4,370.489
1651-41-8,CASRN,DTXSID10379991,3-(Perfluorooctyl)propanol,1651-41-8,OCCCC(F)(F)C(F)(F)C(F)(F)C(F)(F)C(F)(F)C(F)(F)C(F)(F)C(F)(F)F,C11H7F17O,478.149
153559-49-0,CASRN,DTXSID1040619,Bexarotene,153559-49-0,CC1=CC2=C(C=C1C(=C)C1=CC=C(C=C1)C(O)=O)C(C)(C)CCC2(C)C,C24H28O2,348.486
705-60-2,CASRN,DTXSID1041188,1-Phenyl-2-nitropropene,705-60-2,CC(=CC1=CC=CC=C1)[N+]([O-])=O,C9H9NO2,163.176
13347-42-7,CASRN,DTXSID1041506,4-Chloro-2-cyclopentylphenol,13347-42-7,OC1=C(C=C(Cl)C=C1)C1CCCC1,C11H13ClO,196.67
109-43-3,CASRN,DTXSID1041847,Dibutyl decanedioate,109-43-3,CCCCOC(=O)CCCCCCCCC(=O)OCCCC,C18H34O4,314.466
493-52-7,CASRN,DTXSID1042154,Methyl red,493-52-7,CN(C)C1=CC=C(C=C1)\N=N\C1=C(C=CC=C1)C(O)=O,C15H15N3O2,269.304
594-30-9,CASRN,DTXSID1042499,Triphenylbismuthine dichloride,594-30-9,Cl[Bi](Cl)(C1=CC=CC=C1)(C1=CC=CC=C1)C1=CC=CC=C1,C18H15BiCl2,511.2
1083-27-8,CASRN,DTXSID1044514,Hexylparaben,1083-27-8,CCCCCCOC(=O)C1=CC=C(O)C=C1,C13H18O3,222.284
5877-42-9,CASRN,DTXSID1044697,4-Ethyloct-1-yn-3-ol,5877-42-9,CCCCC(CC)C(O)C#C,C10H18O,154.253
30007-47-7,CASRN,DTXSID1044560,"5-Bromo-5-nitro-1,3-dioxane",30007-47-7,[O-][N+](=O)C1(Br)COCOC1,C4H6BrNO4,211.999
106-71-8,CASRN,DTXSID1044776,2-Cyanoethyl prop-2-enoate,106-71-8,C=CC(=O)OCCC#N,C6H7NO2,125.127
40220-08-4,CASRN,DTXSID1044936,"(2,4,6-Trioxo-1,3,5-triazinane-1,3,5-triyl)triethane-2,1-diyl trisprop-2-enoate",40220-08-4,C=CC(=O)OCCN1C(=O)N(CCOC(=O)C=C)C(=O)N(CCOC(=O)C=C)C1=O,C18H21N3O9,423.378
16969-10-1,CASRN,DTXSID1044851,2-Hydroxy-3-phenoxypropyl prop-2-enoate,16969-10-1,OC(COC(=O)C=C)COC1=CC=CC=C1,C12H14O4,222.24
105624-86-0,CASRN,DTXSID1046970,"2-(2,6-Diisopropylphenyl)-5-hydroxy-1H-isoindole-1,3-dione",105624-86-0,CC(C)C1=CC=CC(C(C)C)=C1N1C(=O)C2=C(C=C(O)C=C2)C1=O,C20H21NO3,323.392
557-48-2,CASRN,DTXSID1047104,"trans,cis-2,6-Nonadienal",557-48-2,CC\C=C/CC\C=C\C=O,C9H14O,138.21
368832-42-2,CASRN,DTXSID1047283,CP-728663,368832-42-2,CC[C@H]1CC[C@H](NCC2=CC3=C(C=C2OC)[C@H]2C[C@H]2C(=O)N3C)[C@@H](N1)C1=CC=CC=C1,C26H33N3O2,419.569
461023-63-2,CASRN,DTXSID1047316,Aplaviroc hydrochloride,461023-63-2,Cl.CCCCN1C(=O)[C@H](NC(=O)C11CCN(CC2=CC=C(OC3=CC=C(C=C3)C(O)=O)C=C2)CC1)[C@H](O)C1CCCCC1,C33H44ClN3O6,614.18
929601-09-2,CASRN,DTXSID1047360,SR58611,929601-09-2,Cl.CCOC(=O)COC1=CC2=C(CCC(C2)NCC(O)C2=CC(Cl)=CC=C2)C=C1,C22H27Cl2NO4,440.36
NOCAS_47362,CASRN,DTXSID1047362,SSR150106,NOCAS_47362,CCOC(=O)[C@@]1(OC2=CC=CC=C2[C@@H]1N)C1=CC=CC=C1,C17H17NO3,283.327
215297-27-1,CASRN,DTXSID1047289,UK-343664,215297-27-1,CCCOC1=C(C=C(C=C1)S(=O)(=O)N1CCN(CC)CC1)C1=NC2=C(CC)N(CC3=CC=CC=N3)N=C2C(=O)N1,C28H35N7O4S,565.69
174185-16-1,CASRN,DTXSID1048174,FR167356,174185-16-1,CC1=C(C2=C(O1)C(NC(=O)C1=C(Cl)C=CC=C1Cl)=CC=C2)C(C)(C)O,C19H17Cl2NO3,378.25
18015-76-4,CASRN,DTXSID1051808,C.I. Basic Green 4 oxalate (1:x),18015-76-4,N/A,N/A,N/A
51-21-8,CASRN,DTXSID2020634,5-Fluorouracil,51-21-8,FC1=CNC(=O)NC1=O,C4H3FN2O2,130.078
1095-90-5,CASRN,DTXSID2020501,Methadone hydrochloride,1095-90-5,Cl.CCC(=O)C(CC(C)N(C)C)(C1=CC=CC=C1)C1=CC=CC=C1,C21H28ClNO,345.91
77-47-4,CASRN,DTXSID2020688,Hexachlorocyclopentadiene,77-47-4,ClC1=C(Cl)C(Cl)(Cl)C(Cl)=C1Cl,C5Cl6,272.76
93957-54-1,CASRN,DTXSID2020636,Fluvastatin,93957-54-1,CC(C)N1C(\C=C\[C@H](O)C[C@H](O)CC(O)=O)=C(C2=C1C=CC=C2)C1=CC=C(F)C=C1,C24H26FNO4,411.473
84-16-2,CASRN,DTXSID2022381,Hexestrol,84-16-2,CC[C@@H]([C@@H](CC)C1=CC=C(O)C=C1)C1=CC=C(O)C=C1,C18H22O2,270.372
17230-88-5,CASRN,DTXSID2022880,Danazol,17230-88-5,C[C@]12CC[C@H]3[C@@H](CCC4=CC5=C(C[C@]34C)C=NO5)[C@@H]1CC[C@@]2(O)C#C,C22H27NO2,337.463
79794-75-5,CASRN,DTXSID2023224,Loratadine,79794-75-5,CCOC(=O)N1CCC(CC1)=C1C2=C(CCC3=C1N=CC=C3)C=C(Cl)C=C2,C22H23ClN2O2,382.89
4802-20-4,CASRN,DTXSID2025501,Limonene dimercaptan,4802-20-4,CC(CS)C1CCC(C)C(S)C1,C10H20S2,204.39
3524-68-3,CASRN,DTXSID2025842,Pentaerythritol triacrylate,3524-68-3,OCC(COC(=O)C=C)(COC(=O)C=C)COC(=O)C=C,C14H18O7,298.291
35250-53-4,CASRN,DTXSID2025977,Pyrazineethanethiol,35250-53-4,SCCC1=CN=CC=N1,C6H8N2S,140.2
90-30-2,CASRN,DTXSID2025892,N-Phenyl-1-naphthylamine,90-30-2,N(C1=CC=CC=C1)C1=C2C=CC=CC2=CC=C1,C16H13N,219.287
88-60-8,CASRN,DTXSID2026529,2-Tert-Butyl-5-methylphenol,88-60-8,CC1=CC(O)=C(C=C1)C(C)(C)C,C11H16O,164.248
100-18-5,CASRN,DTXSID2026652,"1,4-Diisopropylbenzene",100-18-5,CC(C)C1=CC=C(C=C1)C(C)C,C12H18,162.276
2682-20-4,CASRN,DTXSID2034259,2-Methyl-3(2H)-isothiazolone,2682-20-4,CN1SC=CC1=O,C4H5NOS,115.15
55-56-1,CASRN,DTXSID2033314,Chlorhexidine,55-56-1,ClC1=CC=C(NC(=N)NC(=N)NCCCCCCNC(=N)NC(=N)NC2=CC=C(Cl)C=C2)C=C1,C22H30Cl2N10,505.45
7646-85-7,CASRN,DTXSID2035013,Zinc chloride,7646-85-7,[Cl-].[Cl-].[Zn++],Cl2Zn,136.28
95-38-5,CASRN,DTXSID2036112,2-(8-Heptadecenyl)-2-imidazoline-1-ethanol,95-38-5,CCCCCCCCC=CCCCCCCCC1=NCCN1CCO,C22H42N2O,350.591
27955-94-8,CASRN,DTXSID2037712,"4,4',4''-Ethane-1,1,1-triyltriphenol",27955-94-8,CC(C1=CC=C(O)C=C1)(C1=CC=C(O)C=C1)C1=CC=C(O)C=C1,C20H18O3,306.361
55179-31-2,CASRN,DTXSID2037502,Bitertanol,55179-31-2,CC(C)(C)C(O)C(OC1=CC=C(C=C1)C1=CC=CC=C1)N1C=NC=N1,C20H23N3O2,337.423
639-58-7,CASRN,DTXSID2040733,Triphenyltin chloride,639-58-7,Cl[Sn](C1=CC=CC=C1)(C1=CC=CC=C1)C1=CC=CC=C1,C18H15ClSn,385.48
124-03-8,CASRN,DTXSID2041759,Quaternium 17,124-03-8,[Br-].CCCCCCCCCCCCCCCC[N+](C)(C)CC,C20H44BrN,378.483
10347-81-6,CASRN,DTXSID2044507,Maprotiline hydrochloride,10347-81-6,Cl.CNCCCC12CCC(C3=C1C=CC=C3)C1=C2C=CC=C1,C20H24ClN,313.87
10287-53-3,CASRN,DTXSID2044763,Parbenate,10287-53-3,CCOC(=O)C1=CC=C(C=C1)N(C)C,C11H15NO2,193.246
16588-34-4,CASRN,DTXSID2044846,4-Chloro-3-nitrobenzaldehyde,16588-34-4,[O-][N+](=O)C1=C(Cl)C=CC(C=O)=C1,C7H4ClNO3,185.56
66072-38-6,CASRN,DTXSID2044971,"2,2',2''-[Methanetriyltris(benzene-4,1-diyloxymethanediyl)]trioxirane",66072-38-6,C(OC1=CC=C(C=C1)C(C1=CC=C(OCC2CO2)C=C1)C1=CC=C(OCC2CO2)C=C1)C1CO1,C28H28O6,460.526
51-24-1,CASRN,DTXSID2045232,Tiratricol,51-24-1,OC(=O)CC1=CC(I)=C(OC2=CC(I)=C(O)C=C2)C(I)=C1,C14H9I3O4,621.935
29548-30-9,CASRN,DTXSID2047222,Farnesyl acetate,29548-30-9,CC(C)=CCCC(C)=CCCC(C)=CCOC(C)=O,C17H28O2,264.409
249296-43-3,CASRN,DTXSID2047272,CJ-013610,249296-43-3,CS(O)(=O)=O.CC1=NC=CN1C1=CC=C(SC2=CC=CC(=C2)C2(CCOCC2)C(N)=O)C=C1,C23H27N3O5S2,489.61
464930-42-5,CASRN,DTXSID2047351,SSR 240612,464930-42-5,Cl.COC1=CC2=CC=C(C=C2C=C1)S(=O)(=O)N[C@H](CC(=O)N[C@H](CC1=CC=C(CN2[C@@H](C)CCC[C@H]2C)C=C1)C(=O)N(C)C(C)C)C1=CC2=C(OCO2)C=C1,C42H53ClN4O7S,793.42
298198-52-4,CASRN,DTXSID2047359,"4-Bromophenyl 1,4-diazabicyclo(3.2.2)nonane-4-carboxylate",298198-52-4,BrC1=CC=C(OC(=O)N2CCN3CCC2CC3)C=C1,C14H17BrN2O2,325.206
98319-26-7,CASRN,DTXSID3020625,Finasteride,98319-26-7,CC(C)(C)NC(=O)[C@H]1CC[C@H]2[C@@H]3CC[C@H]4NC(=O)C=C[C@]4(C)[C@H]3CC[C@]12C,C23H36N2O2,372.553
76-44-8,CASRN,DTXSID3020679,Heptachlor,76-44-8,ClC1C=CC2C1C1(Cl)C(Cl)=C(Cl)C2(Cl)C1(Cl)Cl,C10H5Cl7,373.3
58-33-3,CASRN,DTXSID3021192,Promethazine hydrochloride,58-33-3,Cl.CC(CN1C2=CC=CC=C2SC2=C1C=CC=C2)N(C)C,C17H21ClN2S,320.88
79-95-8,CASRN,DTXSID3021770,"2,2',6,6'-Tetrachlorobisphenol A",79-95-8,CC(C)(C1=CC(Cl)=C(O)C(Cl)=C1)C1=CC(Cl)=C(O)C(Cl)=C1,C15H12Cl4O2,366.06
378-44-9,CASRN,DTXSID3022667,Betamethasone,378-44-9,[H][C@@]12C[C@H](C)[C@](O)(C(=O)CO)[C@@]1(C)C[C@H](O)[C@@]1(F)[C@@]2([H])CCC2=CC(=O)C=C[C@]12C,C22H29FO5,392.467
35691-65-7,CASRN,DTXSID3024944,"1,2-Dibromo-2,4-dicyanobutane",35691-65-7,BrCC(Br)(CCC#N)C#N,C6H6Br2N2,265.936
102-06-7,CASRN,DTXSID3025178,"1,3-Diphenylguanidine",102-06-7,N=C(NC1=CC=CC=C1)NC1=CC=CC=C1,C13H13N3,211.268
15791-78-3,CASRN,DTXSID3025209,C.I. Disperse Blue 27,15791-78-3,OCCC1=CC=C(NC2=CC=C(O)C3=C2C(=O)C2=C(C=CC(O)=C2C3=O)[N+]([O-])=O)C=C1,C22H16N2O7,420.377
95-54-5,CASRN,DTXSID3025881,"1,2-Phenylenediamine",95-54-5,NC1=C(N)C=CC=C1,C6H8N2,108.144
1461-22-9,CASRN,DTXSID3027403,Tributyltin chloride,1461-22-9,CCCC[Sn](Cl)(CCCC)CCCC,C12H27ClSn,325.51
26472-00-4,CASRN,DTXSID3027902,Methylcyclopentadiene dimer,26472-00-4,N/A,N/A,N/A
98730-04-2,CASRN,DTXSID3029572,Benoxacor,98730-04-2,CC1COC2=C(C=CC=C2)N1C(=O)C(Cl)Cl,C11H11Cl2NO2,260.11
25316-40-9,CASRN,DTXSID3030636,Doxorubicin hydrochloride,25316-40-9,Cl.[H][C@@]1(C[C@H](N)[C@H](O)[C@H](C)O1)O[C@H]1C[C@@](O)(CC2=C(O)C3=C(C(O)=C12)C(=O)C1=C(OC)C=CC=C1C3=O)C(=O)CO,C27H30ClNO11,579.98
335-76-2,CASRN,DTXSID3031860,Perfluorodecanoic acid,335-76-2,OC(=O)C(F)(F)C(F)(F)C(F)(F)C(F)(F)C(F)(F)C(F)(F)C(F)(F)C(F)(F)C(F)(F)F,C10HF19O2,514.086
3064-70-8,CASRN,DTXSID3032331,Bis(trichloromethyl)sulfone,3064-70-8,ClC(Cl)(Cl)S(=O)(=O)C(Cl)(Cl)Cl,C2Cl6O2S,300.78
20018-09-1,CASRN,DTXSID3032541,Diiodomethyl 4-methylphenyl sulfone,20018-09-1,CC1=CC=C(C=C1)S(=O)(=O)C(I)I,C8H8I2O2S,422.02
140-72-7,CASRN,DTXSID3033307,Cetylpyridinium bromide,140-72-7,[Br-].CCCCCCCCCCCCCCCC[N+]1=CC=CC=C1,C21H38BrN,384.446
53-41-8,CASRN,DTXSID3036525,Androsterone,53-41-8,[H][C@@]12CCC(=O)[C@@]1(C)CC[C@@]1([H])[C@@]2([H])CC[C@@]2([H])C[C@H](O)CC[C@]12C,C19H30O2,290.447
1031-07-8,CASRN,DTXSID3037541,Endosulfan sulfate,1031-07-8,ClC1=C(Cl)C2(Cl)C3COS(=O)(=O)OCC3C1(Cl)C2(Cl)Cl,C9H6Cl6O4S,422.9
865-79-2,CASRN,DTXSID30382104,9-Chloro-perfluorononanoic acid,865-79-2,OC(=O)C(F)(F)C(F)(F)C(F)(F)C(F)(F)C(F)(F)C(F)(F)C(F)(F)C(F)(F)Cl,C9HClF16O2,480.53
5930-28-9,CASRN,DTXSID3040720,"4-Amino-2,6-dichlorophenol",5930-28-9,NC1=CC(Cl)=C(O)C(Cl)=C1,C6H5Cl2NO,178.01
1323-38-2,CASRN,DTXSID3042007,Glyceryl monoricinoleate,1323-38-2,N/A,N/A,N/A
120983-64-4,CASRN,DTXSID3044338,"2-(1-Chlorocyclopropyl)-1-(2-chlorophenyl)-3-(1H-1,2,4-triazol-1-yl)-2-propanol",120983-64-4,OC(CN1C=NC=N1)(CC1=C(Cl)C=CC=C1)C1(Cl)CC1,C14H15Cl2N3O,312.19
17321-77-6,CASRN,DTXSID3042633,Clomipramine hydrochloride,17321-77-6,Cl.CN(C)CCCN1C2=C(CCC3=C1C=C(Cl)C=C3)C=CC=C2,C19H24Cl2N2,351.32
379-52-2,CASRN,DTXSID3042500,Triphenyltin fluoride,379-52-2,F[Sn](C1=CC=CC=C1)(C1=CC=CC=C1)C1=CC=CC=C1,C18H15FSn,369.026
111974-72-2,CASRN,DTXSID3044201,Quetiapine fumarate,111974-72-2,OC(=O)\C=C\C(O)=O.OCCOCCN1CCN(CC1)C1=NC2=CC=CC=C2SC2=C1C=CC=C2.OCCOCCN1CCN(CC1)C1=NC2=CC=CC=C2SC2=C1C=CC=C2,C46H54N6O8S2,883.09
2460-77-7,CASRN,DTXSID3044889,"2,5-Di-tert-butylcyclohexa-2,5-diene-1,4-dione",2460-77-7,CC(C)(C)C1=CC(=O)C(=CC1=O)C(C)(C)C,C14H20O2,220.312
3031-66-1,CASRN,DTXSID3044910,"Hex-3-yne-2,5-diol",3031-66-1,CC(O)C#CC(C)O,C6H10O2,114.144
999-21-3,CASRN,DTXSID3044752,Diprop-2-en-1-yl (2Z)-but-2-enedioate,999-21-3,C=CCOC(=O)\C=C/C(=O)OCC=C,C10H12O4,196.202
609-66-5,CASRN,DTXSID3052278,2-Chlorobenzamide,609-66-5,NC(=O)C1=CC=CC=C1Cl,C7H6ClNO,155.58
36062-04-1,CASRN,DTXSID30865801,Tetrahydrocurcumin,36062-04-1,COC1=CC(CCC(=O)CC(=O)CCC2=CC(OC)=C(O)C=C2)=CC=C1O,C21H24O6,372.417
92-52-4,CASRN,DTXSID4020161,Biphenyl,92-52-4,C1=CC=C(C=C1)C1=CC=CC=C1,C12H10,154.212
147-24-0,CASRN,DTXSID4020537,Diphenhydramine hydrochloride,147-24-0,Cl.CN(C)CCOC(C1=CC=CC=C1)C1=CC=CC=C1,C17H22ClNO,291.82
117-39-5,CASRN,DTXSID4021218,Quercetin,117-39-5,OC1=CC2=C(C(O)=C1)C(=O)C(O)=C(O2)C1=CC(O)=C(O)C=C1,C15H10O7,302.238
52-76-6,CASRN,DTXSID4021478,Lynestrenol,52-76-6,[H][C@@]12CC[C@@](O)(C#C)[C@@]1(C)CC[C@]1([H])[C@@]3([H])CCCC=C3CC[C@@]21[H],C20H28O,284.443
593-08-8,CASRN,DTXSID4022070,2-Tridecanone,593-08-8,CCCCCCCCCCCC(C)=O,C13H26O,198.35
1461-25-2,CASRN,DTXSID4022153,Tetrabutyltin,1461-25-2,CCCC[Sn](CCCC)(CCCC)CCCC,C16H36Sn,347.174
77-40-7,CASRN,DTXSID4022442,Bisphenol B,77-40-7,CCC(C)(C1=CC=C(O)C=C1)C1=CC=C(O)C=C1,C16H18O2,242.318
09-02-2467,Searched by Synonym: Found 0 results,N/A,N/A,N/A,N/A,N/A,N/A
122-57-6,CASRN,DTXSID4025662,Methyl styryl ketone,122-57-6,CC(=O)C=CC1=CC=CC=C1,C10H10O,146.189
87-10-5,CASRN,DTXSID4026181,Tribromsalan,87-10-5,OC1=C(Br)C=C(Br)C=C1C(=O)NC1=CC=C(Br)C=C1,C13H8Br3NO2,449.924
2451-62-9,CASRN,DTXSID4026262,"Tris(2,3-epoxypropyl)isocyanurate",2451-62-9,O=C1N(CC2CO2)C(=O)N(CC2CO2)C(=O)N1CC1CO1,C12H15N3O6,297.267
32388-55-9,CASRN,DTXSID4029353,Acetylcedrene,32388-55-9,[H][C@]12C[C@@]3(CC(C(C)=O)=C1C)[C@H](C)CC[C@@]3([H])C2(C)C,C17H26O,246.394
52-86-8,CASRN,DTXSID4034150,Haloperidol,52-86-8,OC1(CCN(CCCC(=O)C2=CC=C(F)C=C2)CC1)C1=CC=C(Cl)C=C1,C21H23ClFNO2,375.87
178928-70-6,CASRN,DTXSID4034869,Prothioconazole,178928-70-6,OC(CN1N=CNC1=S)(CC1=C(Cl)C=CC=C1)C1(Cl)CC1,C14H15Cl2N3OS,344.25
2687-94-7,CASRN,DTXSID4036435,1-Octyl-2-pyrrolidone,2687-94-7,CCCCCCCCN1CCCC1=O,C12H23NO,197.322
147492-57-7,CASRN,DTXSID40380797,"1H,1H-Perfluoro-3,6,9-trioxadecan-1-ol",147492-57-7,OCC(F)(F)OC(F)(F)C(F)(F)OC(F)(F)C(F)(F)OC(F)(F)F,C7H3F13O4,398.076
1154-59-2,CASRN,DTXSID4040767,"3,5-Dichlorosalicyl-3,4-dichloroanilide",1154-59-2,OC1=C(C=C(Cl)C=C1Cl)C(=O)NC1=CC=C(Cl)C(Cl)=C1,C13H7Cl4NO2,351.0
10025-91-9,CASRN,DTXSID4044161,Antimony trichloride,10025-91-9,Cl[Sb](Cl)Cl,Cl3Sb,228.11
638-07-3,CASRN,DTXSID4044454,Ethyl 4-chloro-3-oxobutanoate,638-07-3,CCOC(=O)CC(=O)CCl,C6H9ClO3,164.59
06-03-2095,Searched by Synonym: Found 0 results,N/A,N/A,N/A,N/A,N/A,N/A
433212-21-6,CASRN,DTXSID4047389,SAR 150640,433212-21-6,Cl.CCOC(=O)C1=CC=C(C=C1)[C@H]1CC[C@@H](CC1)NC[C@H](O)COC1=CC=C(O)C(NS(C)(=O)=O)=C1,C25H35ClN2O7S,543.07
181640-09-5,CASRN,DTXSID4047339,SR144190,181640-09-5,Cl.CN(C)C(=O)NC1(CCN(CC[C@]2(CN(CCO2)C(=O)C2=CC=CC=C2)C2=CC(F)=C(F)C=C2)CC1)C1=CC=CC=C1,C33H39ClF2N4O3,613.15
NOCAS_47387,CASRN,DTXSID4047387,SAR102779,NOCAS_47387,OC(=O)CCC(O)=O.CC(=O)NC1(CCN(CC[C@]2(CN(C(=O)CO2)C2=CC=CC=C2)C2=CC=C(Cl)C(Cl)=C2)CC1)C1=CC=CC(F)=C1,C35H38Cl2FN3O7,702.6
13680-35-8,CASRN,DTXSID4048191,"4,4'-Methylenebis(2,6-diethylaniline)",13680-35-8,CCC1=CC(CC2=CC(CC)=C(N)C(CC)=C2)=CC(CC)=C1N,C21H30N2,310.485
1062243-51-9,CASRN,DTXSID4048511,Ro 3280,1062243-51-9,COC1=C(NC2=NC3=C(C=N2)N(C)C(=O)C(F)(F)CN3C2CCCC2)C=CC(=C1)C(=O)NC1CCN(C)CC1,C27H35F2N7O3,543.62
686756-87-6,CASRN,DTXSID4048519,PharmaGSID_48519,686756-87-6,CN1C(=O)N(CC2=CN=C(NC3=CC4=C(OC(CO)CO4)C=C3)N=C12)C1=CC=CC=C1Br,C22H20BrN5O4,498.337
60-01-5,CASRN,DTXSID4052267,Glycerol tributyrate,60-01-5,CCCC(=O)OCC(COC(=O)CCC)OC(=O)CCC,C15H26O6,302.367
63134-33-8,CASRN,DTXSID4058655,BPS-MPE4,63134-33-8,OC1=C(C=CC=C1)S(=O)(=O)C1=CC=C(OCC2=CC=CC=C2)C=C1,C19H16O4S,340.39
62-73-7,CASRN,DTXSID5020449,Dichlorvos,62-73-7,COP(=O)(OC)OC=C(Cl)Cl,C4H7Cl2O4P,220.97
427-51-0,CASRN,DTXSID5020366,Cyproterone acetate,427-51-0,CC(=O)O[C@@]1(CC[C@H]2[C@@H]3C=C(Cl)C4=CC(=O)[C@@H]5C[C@@H]5[C@]4(C)[C@H]3CC[C@]12C)C(C)=O,C24H29ClO4,416.94
95-83-0,CASRN,DTXSID5020283,"4-Chloro-1,2-diaminobenzene",95-83-0,NC1=C(N)C=C(Cl)C=C1,C6H7ClN2,142.59
57-63-6,CASRN,DTXSID5020576,17alpha-Ethinylestradiol,57-63-6,[H][C@@]12CC[C@@](O)(C#C)[C@@]1(C)CC[C@]1([H])C3=C(CC[C@@]21[H])C=C(O)C=C3,C20H24O2,296.41
548-62-9,CASRN,DTXSID5020653,Gentian Violet,548-62-9,[Cl-].CN(C)C1=CC=C(C=C1)C(C1=CC=C(C=C1)N(C)C)=C1C=CC(C=C1)=[N+](C)C,C25H30ClN3,407.99
7487-94-7,CASRN,DTXSID5020811,Mercuric chloride,7487-94-7,[Cl-].[Cl-].[Hg++],Cl2Hg,271.49
17754-90-4,CASRN,DTXSID5022271,4-(Diethylamino)salicylaldehyde,17754-90-4,CCN(CC)C1=CC=C(C=O)C(O)=C1,C11H15NO2,193.246
84371-65-3,CASRN,DTXSID5023322,Mifepristone,84371-65-3,[H][C@@]12CC[C@@](O)(C#CC)[C@@]1(C)C[C@]([H])(C1=CC=C(C=C1)N(C)C)C1=C3CCC(=O)C=C3CC[C@@]21[H],C29H35NO2,429.604
319-86-8,CASRN,DTXSID5024134,delta-Hexachlorocyclohexane,319-86-8,Cl[C@H]1[C@H](Cl)[C@@H](Cl)[C@H](Cl)[C@H](Cl)[C@@H]1Cl,C6H6Cl6,290.81
64-86-8,CASRN,DTXSID5024845,Colchicine,64-86-8,COC1=CC2=C(C(OC)=C1OC)C1=CC=C(OC)C(=O)C=C1[C@H](CC2)NC(C)=O,C22H25NO6,399.443
341-69-5,CASRN,DTXSID5025815,Orphenadrine hydrochloride,341-69-5,Cl.CN(C)CCOC(C1=CC=CC=C1)C1=CC=CC=C1C,C18H24ClNO,305.85
54827-17-7,CASRN,DTXSID5026120,"3,3',5,5'-Tetramethylbenzidine",54827-17-7,CC1=CC(=CC(C)=C1N)C1=CC(C)=C(N)C(C)=C1,C16H20N2,240.35
135-19-3,CASRN,DTXSID5027061,2-Naphthalenol,135-19-3,OC1=CC2=C(C=CC=C2)C=C1,C10H8O,144.173
84852-15-3,CASRN,DTXSID5029055,"4-Nonylphenol, branched",84852-15-3,N/A,N/A,N/A
64359-81-5,CASRN,DTXSID5032315,"4,5-Dichloro-2-octyl-3(2H)-isothiazolone",64359-81-5,CCCCCCCCN1SC(Cl)=C(Cl)C1=O,C11H17Cl2NOS,282.22
2634-33-5,CASRN,DTXSID5032523,"1,2-Benzisothiazolin-3-one",2634-33-5,O=C1NSC2=C1C=CC=C2,C7H5NOS,151.18
26644-46-2,CASRN,DTXSID5032654,"N,N'-Bis(1-formamido-2,2,2-trichloroethyl)piperazine",26644-46-2,ClC(Cl)(Cl)C(NC=O)N1CCN(CC1)C(NC=O)C(Cl)(Cl)Cl,C10H14Cl6N4O2,434.95
57-09-0,CASRN,DTXSID5037028,Hexadecyltrimethylammonium bromide,57-09-0,[Br-].CCCCCCCCCCCCCCCC[N+](C)(C)C,C19H42BrN,364.456
330562-41-9,CASRN,DTXSID50375114,"Perfluoro-3,6,9-trioxatridecanoic acid",330562-41-9,OC(=O)C(F)(F)OC(F)(F)C(F)(F)OC(F)(F)C(F)(F)OC(F)(F)C(F)(F)C(F)(F)C(F)(F)F,C10HF19O5,562.083
3236-71-3,CASRN,DTXSID5037731,"4,4'-(9H-Fluorene-9,9-diyl)diphenol",3236-71-3,OC1=CC=C(C=C1)C1(C2=C(C=CC=C2)C2=C1C=CC=C2)C1=CC=C(O)C=C1,C25H18O2,350.417
2390-60-5,CASRN,DTXSID5038888,Basic Blue 7,2390-60-5,[Cl-].CCNC1=CC=C(C(C2=CC=C(C=C2)N(CC)CC)=C2C=CC(C=C2)=[N+](CC)CC)C2=C1C=CC=C2,C33H40ClN3,514.15
102121-60-8,CASRN,DTXSID5040758,AM580,102121-60-8,CC1(C)CCC(C)(C)C2=C1C=CC(=C2)C(=O)NC1=CC=C(C=C1)C(O)=O,C22H25NO3,351.446
33228-45-4,CASRN,DTXSID5040708,4-Hexylaniline,33228-45-4,CCCCCCC1=CC=C(N)C=C1,C12H19N,177.291
1176-74-5,CASRN,DTXSID5044520,Tetrabromophenolphthalein ethyl ester,1176-74-5,CCOC(=O)C1=C(C=CC=C1)C(C1=CC(Br)=C(O)C(Br)=C1)=C1C=C(Br)C(=O)C(Br)=C1,C22H14Br4O4,661.966
125-13-3,CASRN,DTXSID5044528,Oxyphenisatin,125-13-3,OC1=CC=C(C=C1)C1(C(=O)NC2=CC=CC=C12)C1=CC=C(O)C=C1,C20H15NO3,317.344
79-74-3,CASRN,DTXSID5044992,"2,5-Bis(2-methylbutan-2-yl)benzene-1,4-diol",79-74-3,CCC(C)(C)C1=CC(O)=C(C=C1O)C(C)(C)CC,C16H26O2,250.382
84-51-5,CASRN,DTXSID5044994,2-Ethylanthraquinone,84-51-5,CCC1=CC2=C(C=C1)C(=O)C1=C(C=CC=C1)C2=O,C16H12O2,236.27
NOCAS_47328,CASRN,DTXSID5047328,"Potassium 5-carbamoyl-3-[5'-fluoro-2'-(2,2,3,3,3-pentafluoropropoxy)-3-biphenylyl]-1,2,4-triazol-1-ide hydrate (1:1:1)",NOCAS_47328,O.[K+].NC(=O)C1=NC(=N[N-]1)C1=CC=CC(=C1)C1=CC(F)=CC=C1OCC(F)(F)C(F)(F)F,C18H13F6KN4O3,486.416
106-45-6,CASRN,DTXSID5048188,4-Thiocresol,106-45-6,CC1=CC=C(S)C=C1,C7H8S,124.2
1571-75-1,CASRN,DTXSID5051444,"4,4'-(1-Phenylethylidene)bisphenol",1571-75-1,CC(C1=CC=CC=C1)(C1=CC=C(O)C=C1)C1=CC=C(O)C=C1,C20H18O2,290.362
678-95-5,CASRN,DTXSID5060986,"1H,1H,5H,5H-Perfluoro-1,5-pentanediol diacrylate",678-95-5,FC(F)(COC(=O)C=C)C(F)(F)C(F)(F)COC(=O)C=C,C11H10F6O4,320.187
NOCAS_57915,CASRN,DTXSID5057915,MED_ERAntagonMix_4EQC,NOCAS_57915,N/A,N/A,N/A
22260-51-1,CASRN,DTXSID6020197,Bromocriptine mesylate,22260-51-1,CS(O)(=O)=O.CC(C)C[C@@H]1N2C(=O)[C@](NC(=O)[C@H]3CN(C)[C@@H]4CC5=C(Br)NC6=CC=CC(=C56)C4=C3)(O[C@@]2(O)[C@@H]2CCCN2C1=O)C(C)C,C33H44BrN5O8S,750.71
612-82-8,CASRN,DTXSID6020511,"3,3'-Dimethylbenzidine dihydrochloride",612-82-8,Cl.Cl.CC1=C(N)C=CC(=C1)C1=CC(C)=C(N)C=C1,C14H18Cl2N2,285.21
434-13-9,CASRN,DTXSID6020779,Lithocholic acid,434-13-9,C[C@H](CCC(O)=O)[C@H]1CC[C@H]2[C@@H]3CC[C@@H]4C[C@H](O)CC[C@]4(C)[C@H]3CC[C@]12C,C24H40O3,376.581
70-30-4,CASRN,DTXSID6020690,Hexachlorophene,70-30-4,OC1=C(CC2=C(Cl)C(Cl)=CC(Cl)=C2O)C(Cl)=C(Cl)C=C1Cl,C13H6Cl6O2,406.89
127-47-9,CASRN,DTXSID6021240,Retinol acetate,127-47-9,CC(=O)OC\C=C(/C)\C=C\C=C(/C)\C=C\C1=C(C)CCCC1(C)C,C22H32O2,328.496
83-79-4,CASRN,DTXSID6021248,Rotenone,83-79-4,[H][C@@]12COC3=C(C=C(OC)C(OC)=C3)[C@]1([H])C(=O)C1=CC=C3O[C@H](CC3=C1O2)C(C)=C,C23H22O6,394.423
121-54-0,CASRN,DTXSID6023810,Benzethonium chloride,121-54-0,[Cl-].CC(C)(C)CC(C)(C)C1=CC=C(OCCOCC[N+](C)(C)CC2=CC=CC=C2)C=C1,C27H42ClNO2,448.09
1675-54-3,CASRN,DTXSID6024624,Bisphenol A diglycidyl ether,1675-54-3,CC(C)(C1=CC=C(OCC2CO2)C=C1)C1=CC=C(OCC2CO2)C=C1,C21H24O4,340.419
66-81-9,CASRN,DTXSID6024882,Cycloheximide,66-81-9,[H][C@]1(C[C@@H](C)C[C@H](C)C1=O)[C@H](O)CC1CC(=O)NC(=O)C1,C15H23NO4,281.352
128-39-2,CASRN,DTXSID6027052,"2,6-Di-tert-butylphenol",128-39-2,CC(C)(C)C1=CC=CC(=C1O)C(C)(C)C,C14H22O,206.329
21564-17-0,CASRN,DTXSID6032647,2-(Thiocyanomethylthio)benzothiazole,21564-17-0,N#CSCSC1=NC2=CC=CC=C2S1,C9H6N2S3,238.34
52-01-7,CASRN,DTXSID6034186,Spironolactone,52-01-7,[H][C@@]12CC[C@@]3(CCC(=O)O3)[C@@]1(C)CC[C@@]1([H])[C@@]2([H])[C@@H](CC2=CC(=O)CC[C@]12C)SC(C)=O,C24H32O4S,416.58
31654-77-0,CASRN,DTXSID6035285,"9,12-Tetradecadien-1-ol, 1-acetate, (9E,12Z)-",31654-77-0,C\C=C/C\C=C\CCCCCCCCOC(C)=O,C16H28O2,252.398
79963-95-4,CASRN,DTXSID60380390,"2,2,2-Trifluoroethyl perfluorobutanesulfonate",79963-95-4,FC(F)(F)COS(=O)(=O)C(F)(F)C(F)(F)C(F)(F)C(F)(F)F,C6H2F12O3S,382.12
135-62-6,CASRN,DTXSID6038877,3-Hydroxy-2-naphthoic o-anisidide,135-62-6,COC1=CC=CC=C1NC(=O)C1=CC2=C(C=CC=C2)C=C1O,C18H15NO3,293.322
115-39-9,CASRN,DTXSID6041682,Bromophenol blue,115-39-9,OC1=C(Br)C=C(C=C1Br)C1(OS(=O)(=O)C2=C1C=CC=C2)C1=CC(Br)=C(O)C(Br)=C1,C19H10Br4O5S,669.96
18851-33-7,CASRN,DTXSID6044309,"1,10-Phenanthroline hydrochloride hydrate",18851-33-7,O.Cl.C1=CC2=C(N=C1)C1=C(C=CC=N1)C=C2,C12H11ClN2O,234.68
1070-70-8,CASRN,DTXSID6044779,"1,4-Butanediol diacrylate",1070-70-8,C=CC(=O)OCCCCOC(=O)C=C,C10H14O4,198.218
136-30-1,CASRN,DTXSID6044800,Sodium dibutylcarbamodithioate,136-30-1,[Na+].CCCCN(CCCC)C([S-])=S,C9H18NNaS2,227.36
18127-01-0,CASRN,DTXSID6044808,3-(4-tert-Butylphenyl)propanal,18127-01-0,CC(C)(C)C1=CC=C(CCC=O)C=C1,C13H18O,190.286
15362-40-0,CASRN,DTXSID6046979,"1-(2,6-Dichlorophenyl)-2-indolinone",15362-40-0,ClC1=CC=CC(Cl)=C1N1C(=O)CC2=C1C=CC=C2,C14H9Cl2NO,278.13
NOCAS_47311,CASRN,DTXSID6047311,GSK163929B,NOCAS_47311,CNS(=O)(=O)C1=C(F)C=C(Cl)C(=C1)C(=O)N1CCC(CCN2C3CCC2CC(C3)N2C(C)=NC3=C2C=CC=C3)(CC1)C1=CC(F)=CC=C1,C36H40ClF2N5O3S,696.25
139290-65-6,CASRN,DTXSID6047363,Volinanserin,139290-65-6,COC1=C(OC)C(=CC=C1)[C@H](O)C1CCN(CCC2=CC=C(F)C=C2)CC1,C22H28FNO3,373.468
80-05-7,CASRN,DTXSID7020182,Bisphenol A,80-05-7,CC(C)(C1=CC=C(O)C=C1)C1=CC=C(O)C=C1,C15H16O2,228.291
305-03-3,CASRN,DTXSID7020263,Chlorambucil,305-03-3,OC(=O)CCCC1=CC=C(C=C1)N(CCCl)CCCl,C14H19Cl2NO2,304.21
87-56-9,CASRN,DTXSID7020423,Mucochloric acid,87-56-9,OC(=O)C(\Cl)=C(\Cl)C=O,C4H2Cl2O3,168.96
608-73-1,CASRN,DTXSID7020687,"1,2,3,4,5,6-Hexachlorocyclohexane",608-73-1,ClC1C(Cl)C(Cl)C(Cl)C(Cl)C1Cl,C6H6Cl6,290.81
112-63-0,CASRN,DTXSID7020843,Methyl linoleate,112-63-0,CCCCC\C=C/C\C=C/CCCCCCCC(=O)OC,C19H34O2,294.479
87-86-5,CASRN,DTXSID7021106,Pentachlorophenol,87-86-5,OC1=C(Cl)C(Cl)=C(Cl)C(Cl)=C1Cl,C6HCl5O,266.32
92-69-3,CASRN,DTXSID7021152,4-Phenylphenol,92-69-3,OC1=CC=C(C=C1)C1=CC=CC=C1,C12H10O,170.211
50-55-5,CASRN,DTXSID7021237,Reserpine,50-55-5,[H][C@]12C[C@@H](OC(=O)C3=CC(OC)=C(OC)C(OC)=C3)[C@H](OC)[C@@H](C(=O)OC)[C@@]1([H])C[C@@]1([H])N(CCC3=C1NC1=C3C=CC(OC)=C1)C2,C33H40N2O9,608.688
302-79-4,CASRN,DTXSID7021239,Retinoic acid,302-79-4,C\C(\C=C\C1=C(C)CCCC1(C)C)=C/C=C/C(/C)=C/C(O)=O,C20H28O2,300.442
14028-44-5,CASRN,DTXSID7022598,Amoxapine,14028-44-5,ClC1=CC=C2OC3=C(C=CC=C3)N=C(N3CCNCC3)C2=C1,C17H16ClN3O,313.79
145-73-3,CASRN,DTXSID7024081,Endothal,145-73-3,OC(=O)C1C2CCC(O2)C1C(O)=O,C8H10O5,186.163
40487-42-1,CASRN,DTXSID7024245,Pendimethalin,40487-42-1,CCC(CC)NC1=C(C=C(C)C(C)=C1[N+]([O-])=O)[N+]([O-])=O,C13H19N3O4,281.312
19660-16-3,CASRN,DTXSID7024950,"2,3-Dibromopropyl acrylate",19660-16-3,BrCC(Br)COC(=O)C=C,C6H8Br2O2,271.936
69-09-0,CASRN,DTXSID7024827,Chlorpromazine hydrochloride,69-09-0,Cl.CN(C)CCCN1C2=C(SC3=C1C=C(Cl)C=C3)C=CC=C2,C17H20Cl2N2S,355.32
138-89-6,CASRN,DTXSID7025138,"N,N-Dimethyl-4-nitrosoaniline",138-89-6,CN(C)C1=CC=C(C=C1)N=O,C8H10N2O,150.181
495-18-1,CASRN,DTXSID7025421,Benzohydroxamic acid,495-18-1,ONC(=O)C1=CC=CC=C1,C7H7NO2,137.138
463-40-1,CASRN,DTXSID7025506,Linolenic acid,463-40-1,CC\C=C/C\C=C/C\C=C/CCCCCCCC(O)=O,C18H30O2,278.436
42978-66-5,CASRN,DTXSID7028015,Tripropylene glycol diacrylate,42978-66-5,CC(COC(C)COC(=O)C=C)OCC(C)OC(=O)C=C,C15H24O6,300.351
69045-83-6,CASRN,DTXSID7029534,"2,3-Dichloro-5-(trichloromethyl)pyridine",69045-83-6,ClC1=C(Cl)N=CC(=C1)C(Cl)(Cl)Cl,C6H2Cl5N,265.34
678-39-7,CASRN,DTXSID7029904,Fluorotelomer alcohol 8:2,678-39-7,OCCC(F)(F)C(F)(F)C(F)(F)C(F)(F)C(F)(F)C(F)(F)C(F)(F)C(F)(F)F,C10H5F17O,464.122
54464-57-2,CASRN,DTXSID7031290,Isocyclemone E,54464-57-2,CC1CC2=C(CC1(C)C(C)=O)C(C)(C)CCC2,C16H26O,234.383
56-95-1,CASRN,DTXSID7032345,Chlorhexidine diacetate,56-95-1,CC(O)=O.CC(O)=O.ClC1=CC=C(NC(=N)NC(=N)NCCCCCCNC(=N)NC(=N)NC2=CC=C(Cl)C=C2)C=C1,C26H38Cl2N10O4,625.56
125225-28-7,CASRN,DTXSID7034674,Ipconazole,125225-28-7,CC(C)C1CCC(CC2=CC=C(Cl)C=C2)C1(O)CN1C=NC=N1,C18H24ClN3O,333.86
77953-71-0,CASRN,DTXSID70379295,"3H-Perfluoro-2,2,4,4-tetrahydroxypentane",77953-71-0,OC(O)(C(F)C(O)(O)C(F)(F)F)C(F)(F)F,C5H5F7O4,262.08
307-31-3,CASRN,DTXSID70381151,Perfluorooctanamidine,307-31-3,NC(=N)C(F)(F)C(F)(F)C(F)(F)C(F)(F)C(F)(F)C(F)(F)C(F)(F)F,C8H3F15N2,412.102
85532-75-8,CASRN,DTXSID7041097,1-(2-Chlorophenyl)-N-methyl-N-(1-methylpropyl)-3-isoquinolinecarboxamide,85532-75-8,CCC(C)N(C)C(=O)C1=CC2=C(C=CC=C2)C(=N1)C1=CC=CC=C1Cl,C21H21ClN2O,352.86
3737-41-5,CASRN,DTXSID7041461,"3,3,4,4-Tetrachlorotetrahydrothiophene 1,1-dioxide",3737-41-5,ClC1(Cl)CS(=O)(=O)CC1(Cl)Cl,C4H4Cl4O2S,257.93
60506-81-2,CASRN,DTXSID7041887,Dipentaerythritol pentaacrylate,60506-81-2,OCC(COCC(COC(=O)C=C)(COC(=O)C=C)COC(=O)C=C)(COC(=O)C=C)COC(=O)C=C,C25H32O12,524.519
4559-86-8,CASRN,DTXSID7043902,"1,1,3,3-Tetrabutylurea",4559-86-8,CCCCN(CCCC)C(=O)N(CCCC)CCCC,C17H36N2O,284.488
10325-94-7,CASRN,DTXSID7044504,Cadmium dinitrate,10325-94-7,[O-][N+](=O)O[Cd]O[N+]([O-])=O,CdN2O6,236.422
130-80-3,CASRN,DTXSID7047146,Diethylstilbestrol dipropionate,130-80-3,CCC(=O)OC1=CC=C(C=C1)C(\CC)=C(/CC)C1=CC=C(OC(=O)CC)C=C1,C24H28O4,380.484
439687-69-1,CASRN,DTXSID7047358,Nelivaptan,439687-69-1,COC1=CC(OC)=C(C=C1)S(=O)(=O)N1C(=O)[C@@](N2C[C@H](O)C[C@H]2C(=O)N(C)C)(C2=CC(Cl)=CC=C12)C1=CC=CC=C1OC,C30H32ClN3O8S,630.11
NOCAS_48166,CASRN,DTXSID7048166,PharmaGSID_48166,NOCAS_48166,COC1=CC(C=O)=CC2=C1[C@H](COC(N)=O)[C@]1(OC(C)=O)ON2C[C@H]2[C@@H]1N2C(C)=O,C19H21N3O8,419.39
129299-90-7,CASRN,DTXSID7048168,Fabesetron hydrochloride,129299-90-7,Cl.CC1=C(C[C@H]2CCC3=C(C)C4=C(C=CC=C4)N3C2=O)N=CN1,C18H20ClN3O,329.83
612-12-4,CASRN,DTXSID7052284,"1,2-Bis(chloromethyl)benzene",612-12-4,ClCC1=CC=CC=C1CCl,C8H8Cl2,175.05
23726-91-2,CASRN,DTXSID7051890,beta-Damascone,23726-91-2,C\C=C\C(=O)C1=C(C)CCCC1(C)C,C13H20O,192.302
NOCAS_1339553,CASRN,DTXSID801339553,AFFF Solberg F1 (1X),NOCAS_1339553,N/A,N/A,N/A
51333-22-3,CASRN,DTXSID8020202,Budesonide,51333-22-3,CCCC1O[C@@H]2C[C@H]3[C@@H]4CCC5=CC(=O)C=C[C@]5(C)[C@H]4[C@@H](O)C[C@]3(C)[C@@]2(O1)C(=O)CO,C25H34O6,430.541
126-07-8,CASRN,DTXSID8020674,Griseofulvin,126-07-8,COC1=CC(OC)=C(Cl)C2=C1C(=O)[C@]1(O2)[C@H](C)CC(=O)C=C1OC,C17H17ClO6,352.77
94-52-0,CASRN,DTXSID8020965,6-Nitrobenzimidazole,94-52-0,[O-][N+](=O)C1=CC2=C(NC=N2)C=C1,C7H5N3O2,163.136
1465-25-4,CASRN,DTXSID8020917,N-(1-Naphthyl)ethylenediamine dihydrochloride,1465-25-4,Cl.Cl.NCCNC1=C2C=CC=CC2=CC=C1,C12H16Cl2N2,259.17
57-91-0,CASRN,DTXSID8022377,17alpha-Estradiol,57-91-0,[H][C@@]12CC[C@@H](O)[C@@]1(C)CC[C@]1([H])C3=C(CC[C@@]21[H])C=C(O)C=C3,C18H24O2,272.388
121-39-1,CASRN,DTXSID8025886,"Ethyl 2,3-epoxy-3-phenylpropionate",121-39-1,CCOC(=O)C1OC1C1=CC=CC=C1,C11H12O3,192.214
5026-74-4,CASRN,DTXSID8027585,4-(Diglycidylamino)phenyl glycidyl ether,5026-74-4,C(OC1=CC=C(C=C1)N(CC1CO1)CC1CO1)C1CO1,C15H19NO4,277.32
17796-82-6,CASRN,DTXSID8027793,N-(Cyclohexylthio)phthalimide,17796-82-6,O=C1N(SC2CCCCC2)C(=O)C2=C1C=CC=C2,C14H15NO2S,261.34
17824-83-8,CASRN,DTXSID8027795,"3,4,5,6-Tetrachloropyridine-2-carbonitrile",17824-83-8,ClC1=NC(C#N)=C(Cl)C(Cl)=C1Cl,C6Cl4N2,241.88
6807-17-6,CASRN,DTXSID8029282,"4,4'-(4-Methylpentane-2,2-diyl)diphenol",6807-17-6,CC(C)CC(C)(C1=CC=C(O)C=C1)C1=CC=C(O)C=C1,C18H22O2,270.372
7328-97-4,CASRN,DTXSID8029286,"1,1,2,2-(4,4',4'',4'''-Tetraglycidyloxyphenyl)ethane",7328-97-4,C(OC1=CC=C(C=C1)C(C(C1=CC=C(OCC2CO2)C=C1)C1=CC=C(OCC2CO2)C=C1)C1=CC=C(OCC2CO2)C=C1)C1CO1,C38H38O8,622.714
122-40-7,CASRN,DTXSID8029157,alpha-Amyl cinnamaldehyde,122-40-7,CCCCCC(C=O)=CC1=CC=CC=C1,C14H18O,202.297
458-37-7,CASRN,DTXSID8031077,Curcumin,458-37-7,COC1=CC(\C=C\C(=O)CC(=O)\C=C\C2=CC=C(O)C(OC)=C2)=CC=C1O,C21H20O6,368.385
375-95-1,CASRN,DTXSID8031863,Perfluorononanoic acid,375-95-1,OC(=O)C(F)(F)C(F)(F)C(F)(F)C(F)(F)C(F)(F)C(F)(F)C(F)(F)C(F)(F)F,C9HF17O2,464.078
5259-88-1,CASRN,DTXSID8034792,Oxycarboxin,5259-88-1,CC1=C(C(=O)NC2=CC=CC=C2)S(=O)(=O)CCO1,C12H13NO4S,267.3
65405-77-8,CASRN,DTXSID8037750,(3Z)-Hexenyl salicylate,65405-77-8,CC\C=C/CCOC(=O)C1=C(O)C=CC=C1,C13H16O3,220.268
2795-39-3,CASRN,DTXSID8037706,Potassium perfluorooctanesulfonate,2795-39-3,[K+].[O-]S(=O)(=O)C(F)(F)C(F)(F)C(F)(F)C(F)(F)C(F)(F)C(F)(F)C(F)(F)C(F)(F)F,C8F17KO3S,538.22
09-01-2264,CASRN,DTXSID801056985,Cephalosporinase,9012-26-4,N/A,N/A,N/A
18181-70-9,CASRN,DTXSID8040278,Iodenphos,18181-70-9,COP(=S)(OC)OC1=CC(Cl)=C(I)C=C1Cl,C8H8Cl2IO3PS,412.99
66575-29-9,CASRN,DTXSID8040484,Forskolin,66575-29-9,[H][C@@]12[C@H](O)[C@H](OC(C)=O)[C@@]3(C)O[C@](C)(CC(=O)[C@]3(O)[C@@]1(C)[C@@H](O)CCC2(C)C)C=C,C22H34O7,410.507
22978-25-2,CASRN,DTXSID8040723,2-Chloro-5-nitro-N-phenylbenzamide,22978-25-2,[O-][N+](=O)C1=CC=C(Cl)C(=C1)C(=O)NC1=CC=CC=C1,C13H9ClN2O3,276.68
59-85-8,CASRN,DTXSID8040725,4-Chloromercuribenzoic acid,59-85-8,OC(=O)C1=CC=C([Hg]Cl)C=C1,C7H5ClHgO2,357.16
4986-89-4,CASRN,DTXSID8042264,Pentaerythritol tetraacrylate,4986-89-4,C=CC(=O)OCC(COC(=O)C=C)(COC(=O)C=C)COC(=O)C=C,C17H20O8,352.339
135-51-3,CASRN,DTXSID8044543,"Disodium 3-hydroxynaphthalene-2,7-disulfonate",135-51-3,[Na+].[Na+].OC1=CC2=C(C=C(C=C2)S([O-])(=O)=O)C=C1S([O-])(=O)=O,C10H6Na2O7S2,348.25
3179-80-4,CASRN,DTXSID8044913,N-[3-(Dimethylamino)propyl]dodecanamide,3179-80-4,CCCCCCCCCCCC(=O)NCCCN(C)C,C17H36N2O,284.488
4682-36-4,CASRN,DTXSID8044678,Orphenadrine dihydrogen citrate,4682-36-4,OC(=O)CC(O)(CC(O)=O)C(O)=O.CN(C)CCOC(C1=CC=CC=C1)C1=C(C)C=CC=C1,C24H31NO8,461.511
1470-79-7,CASRN,DTXSID8044836,"2,4,4'-Trihydroxybenzophenone",1470-79-7,OC1=CC=C(C=C1)C(=O)C1=CC=C(O)C=C1O,C13H10O4,230.219
22694-96-8,CASRN,DTXSID8047133,"2,4,5-Trimethyl-3-oxazoline",22694-96-8,CC1OC(C)C(C)=N1,C6H11NO,113.16
155990-20-8,CASRN,DTXSID8047347,SR271425,155990-20-8,CCN(CC)CCNC1=C2C(=O)C3=C(SC2=C(CNC=O)C=C1)C=CC(OC)=C3,C22H27N3O3S,413.54
104795-68-8,CASRN,DTXSID8047268,CI-959,104795-68-8,[Na+].COC1=CC2=C(SC(C(=O)NC3=NN=N[N-]3)=C2OC(C)C)C=C1,C14H14N5NaO3S,355.35
NOCAS_47349,CASRN,DTXSID8047349,AVE8488,NOCAS_47349,O.Cl.CN1CCN(CC2=CC(=CO2)C2=CC=C3N=C(O)OC3=C2)[C@H](C1)C1=CC=C(F)C=C1,C23H25ClFN3O4,461.92
55-06-1,CASRN,DTXSID8047505,"3,5,3â€²-Triiodo-L-thyronine monosodium salt",55-06-1,[Na+].N[C@@H](CC1=CC(I)=C(OC2=CC(I)=C(O)C=C2)C(I)=C1)C([O-])=O,C15H11I3NNaO4,672.959
2058-94-8,CASRN,DTXSID8047553,Perfluoroundecanoic acid,2058-94-8,OC(=O)C(F)(F)C(F)(F)C(F)(F)C(F)(F)C(F)(F)C(F)(F)C(F)(F)C(F)(F)C(F)(F)C(F)(F)F,C11HF21O2,564.093
79-97-0,CASRN,DTXSID8047890,"3,3'-Dimethylbisphenol A",79-97-0,CC1=CC(=CC=C1O)C(C)(C)C1=CC(C)=C(O)C=C1,C17H20O2,256.345
2479-46-1,CASRN,DTXSID8051914,"1,3-Phenylenedi(4-aminophenyl ether)",2479-46-1,NC1=CC=C(OC2=CC(OC3=CC=C(N)C=C3)=CC=C2)C=C1,C18H16N2O2,292.338
375-92-8,CASRN,DTXSID8059920,Perfluoroheptanesulfonic acid,375-92-8,OS(=O)(=O)C(F)(F)C(F)(F)C(F)(F)C(F)(F)C(F)(F)C(F)(F)C(F)(F)F,C7HF15O3S,450.12
20825-07-4,CASRN,DTXSID90174941,"3H,3H-Perfluoro-2,4-hexanedione",20825-07-4,FC(F)(F)C(=O)CC(=O)C(F)(F)C(F)(F)F,C6H2F8O2,258.067
2465-27-2,CASRN,DTXSID9020114,Auramine hydrochloride,2465-27-2,Cl.CN(C)C1=CC=C(C=C1)C(=N)C1=CC=C(C=C1)N(C)C,C17H22ClN3,303.83
320-67-2,CASRN,DTXSID9020116,5-Azacytidine,320-67-2,NC1=NC(=O)N(C=N1)[C@@H]1O[C@H](CO)[C@@H](O)[C@H]1O,C8H12N4O5,244.207
532-27-4,CASRN,DTXSID9020293,2-Chloroacetophenone,532-27-4,ClCC(=O)C1=CC=CC=C1,C8H7ClO,154.59
58-14-0,CASRN,DTXSID9021217,Pyrimethamine,58-14-0,CCC1=NC(N)=NC(N)=C1C1=CC=C(Cl)C=C1,C12H13ClN4,248.71
140-66-9,CASRN,DTXSID9022360,"4-(1,1,3,3-Tetramethylbutyl)phenol",140-66-9,CC(C)(C)CC(C)(C)C1=CC=C(O)C=C1,C14H22O,206.329
614-45-9,CASRN,DTXSID9024699,tert-Butyl perbenzoate,614-45-9,CC(C)(C)OOC(=O)C1=CC=CC=C1,C11H14O3,194.23
13048-33-4,CASRN,DTXSID9025401,"1,6-Hexanediol diacrylate",13048-33-4,C=CC(=O)OCCCCCCOC(=O)C=C,C12H18O4,226.272
13674-87-8,CASRN,DTXSID9026261,"Tris(1,3-dichloro-2-propyl) phosphate",13674-87-8,ClCC(CCl)OP(=O)(OC(CCl)CCl)OC(CCl)CCl,C9H15Cl6O4P,430.89
7534-94-3,CASRN,DTXSID9027653,Isobornyl methacrylate,7534-94-3,CC(=C)C(=O)O[C@H]1C[C@@H]2CC[C@@]1(C)C2(C)C,C14H22O2,222.328
1742-14-9,CASRN,DTXSID9029223,"1,1-Bis(3,4-dimethylphenyl)ethane",1742-14-9,CC(C1=CC=C(C)C(C)=C1)C1=CC=C(C)C(C)=C1,C18H22,238.374
22781-23-3,CASRN,DTXSID9032327,Bendiocarb,22781-23-3,CNC(=O)OC1=CC=CC2=C1OC(C)(C)O2,C11H13NO4,223.228
28772-56-7,CASRN,DTXSID9032589,Bromadiolone,28772-56-7,OC(CC(C1=CC=CC=C1)C1=C(O)C2=C(OC1=O)C=CC=C2)C1=CC=C(C=C1)C1=CC=C(Br)C=C1,C30H23BrO4,527.414
122453-73-0,CASRN,DTXSID9032533,Chlorfenapyr,122453-73-0,CCOCN1C(=C(C#N)C(Br)=C1C(F)(F)F)C1=CC=C(Cl)C=C1,C15H11BrClF3N2O,407.62
7173-51-5,CASRN,DTXSID9032537,Didecyldimethylammonium chloride,7173-51-5,[Cl-].CCCCCCCCCC[N+](C)(C)CCCCCCCCCC,C22H48ClN,362.08
549-18-8,CASRN,DTXSID9033187,Amitriptyline hydrochloride,549-18-8,Cl.CN(C)CCC=C1C2=C(CCC3=C1C=CC=C3)C=CC=C2,C20H24ClN,313.87
81741-28-8,CASRN,DTXSID9034997,Tributyltetradecylphosphonium chloride,81741-28-8,[Cl-].CCCCCCCCCCCCCC[P+](CCCC)(CCCC)CCCC,C26H56ClP,435.16
1617-90-9,CASRN,DTXSID9040134,Vincamine,1617-90-9,CC[C@@]12CCCN3CCC4=C([C@H]13)N(C1=C4C=CC=C1)[C@](O)(C2)C(=O)OC,C21H26N2O3,354.45
812-70-4,CASRN,DTXSID90382620,3-(Perfluoroheptyl)propanoic acid,812-70-4,OC(=O)CCC(F)(F)C(F)(F)C(F)(F)C(F)(F)C(F)(F)C(F)(F)C(F)(F)F,C10H5F15O2,442.124
485-31-4,CASRN,DTXSID9040269,Binapacryl,485-31-4,CCC(C)C1=CC(=CC(=C1OC(=O)C=C(C)C)[N+]([O-])=O)[N+]([O-])=O,C15H18N2O6,322.317
317318-84-6,CASRN,DTXSID9040760,"{4-[({2-[3-Fluoro-4-(trifluoromethyl)phenyl]-4-methyl-1,3-thiazol-5-yl}methyl)sulfanyl]-2-methylphenoxy}acetic acid",317318-84-6,CC1=C(CSC2=CC(C)=C(OCC(O)=O)C=C2)SC(=N1)C1=CC=C(C(F)=C1)C(F)(F)F,C21H17F4NO3S2,471.48
2767-54-6,CASRN,DTXSID9040712,Triethyltin bromide,2767-54-6,CC[Sn](Br)(CC)CC,C6H15BrSn,285.8
05-11-2274,Searched by Synonym: Found 0 results,N/A,N/A,N/A,N/A,N/A,N/A
52479-85-3,CASRN,DTXSID9044950,Exifone,52479-85-3,OC1=CC=C(C(=O)C2=CC(O)=C(O)C(O)=C2)C(O)=C1O,C13H10O7,278.216
54527-84-3,CASRN,DTXSID9046992,Nicardipine hydrochloride,54527-84-3,Cl.COC(=O)C1=C(C)NC(C)=C(C1C1=CC(=CC=C1)[N+]([O-])=O)C(=O)OCCN(C)CC1=CC=CC=C1,C26H30ClN3O6,515.99
127308-82-1,CASRN,DTXSID9047257,Zamifenacin,127308-82-1,C(CC1=CC2=C(OCO2)C=C1)N1CCC[C@H](C1)OC(C1=CC=CC=C1)C1=CC=CC=C1,C27H29NO3,415.533
149062-75-9,CASRN,DTXSID9047259,"1,3-Dichloro-6,7,8,9,10,12-hexahydroazepino[2,1-b]quinazoline hydrochloride (1:1)",149062-75-9,Cl.ClC1=CC2=C(CN3CCCCCC3=N2)C(Cl)=C1,C13H15Cl3N2,305.63
NOCAS_47330,CASRN,DTXSID9047330,PharmaGSID_47330,NOCAS_47330,CC(C)(O)C1=NC2=NC=C(N2N=C1)C1=CC(=C(F)C=C1)C1=C(C=CC=C1F)C#N,C21H15F2N5O,391.382
460081-99-6,CASRN,DTXSID9048510,PharmaGSID_48510,460081-99-6,OC(=O)C1=CC(=CC=C1)N(CC1=CN=CC=C1)C1=CC=C(OC(F)F)C(OC(F)F)=C1,C21H16F4N2O4,436.363
107071-66-9,CASRN,DTXSID9048512,Ro 23-7637,107071-66-9,O=C(CCCCCCCCC1=CN=CC=C1)N1CCC(CC1)C=C(C1=CC=CC=C1)C1=CC=CC=C1,C33H40N2O,480.696
72629-94-8,CASRN,DTXSID90868151,Perfluorotridecanoic acid,72629-94-8,OC(=O)C(F)(F)C(F)(F)C(F)(F)C(F)(F)C(F)(F)C(F)(F)C(F)(F)C(F)(F)C(F)(F)C(F)(F)C(F)(F)C(F)(F)F,C13HF25O2,664.109
422-63-9,CASRN,DTXSID9059969,"1H-Perfluoro-1,1-propanediol",422-63-9,OC(O)C(F)(F)C(F)(F)F,C3H3F5O2,166.047
